mtllib curve.mtl
g curve
v -1.762195 0.879567 27.013039
v -2.051571 0.885619 26.975880
v -2.341742 0.891007 26.937954
v -2.632765 0.895740 26.899239
v -2.924607 0.899824 26.859715
v -3.217170 0.903269 26.819376
v -3.510509 0.906082 26.778198
v -3.804527 0.908273 26.736170
v -4.099168 0.909848 26.693281
v -4.394505 0.910816 26.649502
v -4.690421 0.911186 26.604822
v -4.986761 0.910964 26.559250
v -5.283784 0.910161 26.512732
v -5.581226 0.908783 26.465271
v -5.879103 0.906839 26.416855
v -6.177389 0.904337 26.367466
v -6.476106 0.901286 26.317076
v -6.775127 0.897693 26.265684
v -7.074511 0.893566 26.213261
v -7.374107 0.888915 26.159805
v -7.674006 0.883746 26.105284
v -7.974062 0.878068 26.049700
v -8.274417 0.871890 25.993002
v -8.574785 0.865218 25.935215
v -8.875320 0.858063 25.876297
v -9.175922 0.850431 25.816238
v -9.476614 0.842332 25.755014
v -9.777314 0.833772 25.692608
v -10.077936 0.824761 25.629021
v -10.378593 0.815306 25.564201
v -10.679059 0.805416 25.498173
v -10.979502 0.795098 25.430876
v -11.279757 0.784362 25.362316
v -11.579835 0.773214 25.292473
v -11.879735 0.761664 25.221312
v -12.179318 0.749719 25.148842
v -12.478714 0.737388 25.075006
v -12.777728 0.724679 24.999823
v -13.076437 0.711599 24.923248
v -13.374787 0.698158 24.845266
v -13.672647 0.684363 24.765879
v -13.970204 0.670223 24.685015
v -14.267208 0.655744 24.602703
v -14.563725 0.640937 24.518902
v -14.859770 0.625809 24.433577
v -15.155183 0.610368 24.346735
v -15.450006 0.594622 24.258343
v -15.744238 0.578580 24.168364
v -16.037844 0.562249 24.076778
v -16.330702 0.545639 23.983585
v -16.622871 0.528756 23.888737
v -16.914286 0.511609 23.792223
v -17.204952 0.494206 23.694002
v -17.494772 0.476556 23.594070
v -17.783752 0.458667 23.492395
v -18.071888 0.440546 23.388937
v -18.359081 0.422203 23.283693
v -18.645369 0.403644 23.176617
v -18.930723 0.384879 23.067677
v -19.214983 0.365915 22.956886
v -19.498329 0.346761 22.844145
v -19.780542 0.327425 22.729492
v -20.061653 0.307915 22.612873
v -20.341673 0.288239 22.494246
v -20.620527 0.268405 22.373590
v -20.898209 0.248421 22.250866
v -21.174604 0.228297 22.126074
v -21.449774 0.208039 21.999146
v -21.723656 0.187656 21.870058
v -21.996218 0.167156 21.738773
v -22.267412 0.146548 21.605263
v -22.537172 0.125839 21.469513
v -22.805586 0.105038 21.331421
v -23.072380 0.084152 21.191069
v -23.337837 0.063191 21.048260
v -23.601603 0.042161 20.903120
v -23.863871 0.021072 20.755484
v -24.124454 -0.000068 20.605394
v -24.383381 -0.021252 20.452780
v -24.640638 -0.042471 20.297575
v -24.896072 -0.063717 20.139809
v -25.149752 -0.084982 19.979370
v -25.401546 -0.106258 19.816275
v -25.651491 -0.127536 19.650427
v -25.899433 -0.148808 19.481850
v -26.145451 -0.170067 19.310419
v -26.389380 -0.191303 19.136169
v -26.631186 -0.212509 18.959042
v -26.870905 -0.233678 18.778934
v -27.108318 -0.254799 18.595921
v -27.343521 -0.275866 18.409847
v -27.576334 -0.296870 18.220758
v -27.806812 -0.317803 18.028530
v -28.034769 -0.338657 17.833208
v -28.260206 -0.359423 17.634706
v -28.483053 -0.380094 17.432983
v -28.703159 -0.400661 17.228073
v -28.920561 -0.421117 17.019852
v -29.135162 -0.441452 16.808285
v -29.346796 -0.461660 16.593437
v -29.555334 -0.481732 16.375334
v -29.760107 -0.501660 16.154627
v -29.960987 -0.521443 15.931498
v -30.157948 -0.541082 15.706046
v -30.351126 -0.560577 15.478189
v -30.540356 -0.579929 15.248183
v -30.725727 -0.599136 15.016010
v -30.907295 -0.618201 14.781670
v -31.084953 -0.637121 14.545378
v -31.258883 -0.655899 14.306982
v -31.428919 -0.674534 14.066782
v -31.595146 -0.693026 13.824759
v -31.757732 -0.711375 13.580761
v -31.916424 -0.729581 13.335238
v -32.071495 -0.747646 13.087882
v -32.222782 -0.765568 12.839031
v -32.370472 -0.783348 12.588495
v -32.514446 -0.800986 12.336557
v -32.654823 -0.818483 12.083122
v -32.791569 -0.835838 11.828361
v -32.924816 -0.853052 11.572130
v -33.054470 -0.870124 11.314709
v -33.180599 -0.887056 11.056087
v -33.303307 -0.903847 10.796175
v -33.422573 -0.920497 10.535108
v -33.538387 -0.937006 10.273030
v -33.650829 -0.953376 10.009899
v -33.759972 -0.969605 9.745668
v -33.865776 -0.985694 9.480534
v -33.968292 -1.001643 9.214511
v -34.067585 -1.017453 8.947570
v -34.163673 -1.033123 8.679777
v -34.256580 -1.048654 8.411226
v -34.346359 -1.064046 8.141880
v -34.433037 -1.079299 7.871820
v -34.516651 -1.094413 7.601048
v -34.597237 -1.109388 7.329623
v -34.674809 -1.124225 7.057622
v -34.749424 -1.138923 6.785014
v -34.821125 -1.153484 6.511816
v -34.889908 -1.167906 6.238176
v -34.955856 -1.182190 5.963962
v -35.018986 -1.196337 5.689238
v -35.079273 -1.210347 5.414284
v -35.136852 -1.224219 5.138730
v -35.191677 -1.237954 4.862895
v -35.243816 -1.251552 4.586672
v -35.293289 -1.265013 4.310183
v -35.340115 -1.278338 4.033495
v -35.384399 -1.291526 3.756211
v -35.426041 -1.304578 3.479135
v -35.465210 -1.317494 3.201479
v -35.501842 -1.330273 2.923765
v -35.535988 -1.342917 2.646016
v -35.567711 -1.355426 2.367975
v -35.597004 -1.367798 2.089880
v -35.623917 -1.380036 1.811680
v -35.648476 -1.392139 1.533370
v -35.670685 -1.404106 1.255181
v -35.690613 -1.415939 0.976784
v -35.708252 -1.427637 0.698486
v -35.723644 -1.439201 0.420276
v -35.736820 -1.450630 0.142033
v -35.747803 -1.461925 -0.136077
v -35.756622 -1.473086 -0.414138
v -35.763298 -1.484114 -0.692128
v -35.767849 -1.495008 -0.969847
v -35.770317 -1.505768 -1.247413
v -35.770721 -1.516396 -1.524805
v -35.769085 -1.526890 -1.802144
v -35.765430 -1.537251 -2.079121
v -35.759781 -1.547479 -2.355717
v -35.752171 -1.557575 -2.632225
v -35.742615 -1.567538 -2.908276
v -35.731133 -1.577369 -3.184298
v -35.717762 -1.587068 -3.459605
v -35.702507 -1.596635 -3.734812
v -35.685410 -1.606070 -4.009464
v -35.666477 -1.615374 -4.283762
v -35.645748 -1.624546 -4.557638
v -35.623219 -1.633587 -4.831119
v -35.598934 -1.642497 -5.104061
v -35.572903 -1.651276 -5.376531
v -35.545151 -1.659924 -5.648490
v -35.515705 -1.668442 -5.919858
v -35.484577 -1.676829 -6.190674
v -35.451786 -1.685086 -6.460962
v -35.417362 -1.693213 -6.730620
v -35.381325 -1.701210 -6.999598
v -35.343681 -1.709077 -7.267979
v -35.304466 -1.716814 -7.535696
v -35.263683 -1.724422 -7.802737
v -35.221375 -1.731901 -8.068982
v -35.177547 -1.739251 -8.334496
v -35.132195 -1.746472 -8.599409
v -35.085388 -1.753564 -8.863385
v -35.037106 -1.760527 -9.126600
v -34.987392 -1.767363 -9.388944
v -34.936237 -1.774070 -9.650530
v -34.883682 -1.780648 -9.911206
v -34.829727 -1.787100 -10.171047
v -34.774395 -1.793423 -10.429971
v -34.717693 -1.799620 -10.688040
v -34.659630 -1.805692 -10.945209
v -34.600227 -1.811639 -11.201447
v -34.539478 -1.817464 -11.456847
v -34.477394 -1.823168 -11.711331
v -34.414040 -1.828752 -11.964703
v -34.349335 -1.834217 -12.217346
v -34.283348 -1.839564 -12.468956
v -34.216106 -1.844796 -12.719485
v -34.147560 -1.849912 -12.969171
v -34.077812 -1.854914 -13.217635
v -34.006733 -1.859804 -13.465407
v -33.934490 -1.864583 -13.711849
v -33.861008 -1.869253 -13.957318
v -33.786270 -1.873813 -14.201870
v -33.710365 -1.878266 -14.445201
v -33.633236 -1.882614 -14.687545
v -33.554955 -1.886856 -14.928694
v -33.475456 -1.890995 -15.168852
v -33.394829 -1.895032 -15.407775
v -33.313030 -1.898968 -15.645617
v -33.230099 -1.902804 -15.882264
v -33.145992 -1.906542 -16.117863
v -33.060795 -1.910183 -16.352186
v -32.974499 -1.913728 -16.585262
v -32.887016 -1.917178 -16.817364
v -32.798473 -1.920536 -17.048120
v -32.708847 -1.923800 -17.277630
v -32.618130 -1.926975 -17.505926
v -32.526325 -1.930060 -17.733000
v -32.433487 -1.933057 -17.958735
v -32.339531 -1.935967 -18.183331
v -32.244572 -1.938792 -18.406523
v -32.148540 -1.941532 -18.628487
v -32.051479 -1.944189 -18.849115
v -31.953386 -1.946765 -19.068422
v -31.854259 -1.949260 -19.286425
v -31.754097 -1.951676 -19.503113
v -31.653004 -1.954013 -19.718266
v -31.550819 -1.956275 -19.932245
v -31.447659 -1.958461 -20.144787
v -31.343527 -1.960572 -20.355890
v -31.238359 -1.962611 -20.565685
v -31.132278 -1.964579 -20.773922
v -31.025129 -1.966476 -20.980906
v -30.917021 -1.968304 -21.186415
v -30.808044 -1.970065 -21.390274
v -30.697979 -1.971758 -21.592918
v -30.586987 -1.973387 -21.793999
v -30.475039 -1.974953 -21.993589
v -30.362101 -1.976455 -22.191740
v -30.248276 -1.977896 -22.388250
v -30.133434 -1.979277 -22.583364
v -30.017689 -1.980599 -22.776854
v -29.900930 -1.981864 -22.968908
v -29.783215 -1.983073 -23.159412
v -29.664623 -1.984227 -23.348225
v -29.544954 -1.985327 -23.535666
v -29.424400 -1.986374 -23.721392
v -29.302948 -1.987371 -23.905441
v -29.180399 -1.988318 -24.088089
v -29.056988 -1.989216 -24.268961
v -28.932554 -1.990067 -24.448284
v -28.807192 -1.990872 -24.625902
v -28.680794 -1.991632 -24.801949
v -28.553455 -1.992349 -24.976267
v -28.425108 -1.993024 -25.148933
v -28.295750 -1.993657 -25.319929
v -28.165405 -1.994252 -25.489193
v -28.034023 -1.994808 -25.656773
v -27.901600 -1.995326 -25.822643
v -27.768259 -1.995809 -25.986624
v -27.633593 -1.996258 -26.149197
v -27.498144 -1.996673 -26.309647
v -27.361530 -1.997057 -26.468437
v -27.223761 -1.997409 -26.625505
v -27.084955 -1.997733 -26.780678
v -26.944902 -1.998028 -26.934156
v -26.803835 -1.998297 -27.085649
v -26.661608 -1.998540 -27.235277
v -26.518044 -1.998758 -27.383194
v -26.373430 -1.998954 -27.529039
v -26.227427 -1.999128 -27.673132
v -26.080338 -1.999281 -27.815115
v -25.931828 -1.999416 -27.955271
v -25.781975 -1.999532 -28.093470
v -25.631002 -1.999632 -28.229458
v -25.478420 -1.999717 -28.363630
v -25.324495 -1.999787 -28.495682
v -25.169157 -1.999845 -28.625616
v -25.012358 -1.999891 -28.753416
v -24.854048 -1.999927 -28.879057
v -24.694231 -1.999954 -29.002480
v -24.532734 -1.999973 -29.123739
v -24.369658 -1.999986 -29.242682
v -24.204956 -1.999994 -29.359276
v -24.038517 -1.999998 -29.473518
v -23.870323 -2.000000 -29.585342
v -23.700474 -2.000000 -29.694601
v -23.529036 -2.000000 -29.801182
v -23.356297 -2.000000 -29.904854
v -23.182087 -2.000000 -30.005680
v -23.006266 -2.000000 -30.103685
v -22.829201 -2.000000 -30.198616
v -22.650694 -2.000000 -30.290539
v -22.470669 -2.000000 -30.379442
v -22.289354 -2.000000 -30.465164
v -22.106606 -2.000000 -30.547731
v -21.922350 -2.000000 -30.627121
v -21.736998 -2.000000 -30.703114
v -21.550062 -2.000000 -30.775866
v -21.362143 -2.000000 -30.845091
v -21.172697 -2.000000 -30.910957
v -20.982166 -2.000000 -30.973251
v -20.790470 -2.000000 -31.031971
v -20.597637 -2.000000 -31.087059
v -20.403696 -2.000000 -31.138470
v -20.208937 -2.000000 -31.186090
v -20.013002 -2.000000 -31.229971
v -19.816383 -2.000000 -31.269964
v -19.618977 -2.000000 -31.306070
v -19.420832 -2.000000 -31.338249
v -19.221872 -2.000000 -31.366476
v -19.022535 -2.000000 -31.390665
v -18.823019 -2.000000 -31.410789
v -18.622551 -2.000000 -31.426901
v -18.422224 -2.000000 -31.438883
v -18.221533 -2.000000 -31.446764
v -18.020796 -2.000000 -31.450520
v -17.820265 -2.000000 -31.450146
v -17.619667 -2.000000 -31.445641
v -17.419397 -2.000000 -31.437010
v -17.219337 -2.000000 -31.424255
v -17.019804 -2.000000 -31.407396
v -16.820610 -2.000000 -31.386435
v -16.622278 -2.000000 -31.361437
v -16.424627 -2.000000 -31.332407
v -16.227612 -2.000000 -31.299353
v -16.031631 -2.000000 -31.262358
v -15.836865 -2.000000 -31.221504
v -15.642511 -2.000000 -31.176640
v -15.449879 -2.000000 -31.128084
v -15.258203 -2.000000 -31.075701
v -15.067884 -2.000000 -31.019625
v -14.879154 -2.000000 -30.959980
v -14.691353 -2.000000 -30.896589
v -14.505339 -2.000000 -30.829775
v -14.320785 -2.000000 -30.759478
v -14.137954 -2.000000 -30.685854
v -13.956424 -2.000000 -30.608770
v -13.776814 -2.000000 -30.528536
v -13.598719 -2.000000 -30.445030
v -13.422422 -2.000000 -30.358437
v -13.247841 -2.000000 -30.268764
v -13.075163 -2.000000 -30.176174
v -12.903917 -2.000000 -30.080460
v -12.734881 -2.000000 -29.982109
v -12.567185 -2.000000 -29.880678
v -12.401615 -2.000000 -29.776684
v -12.237750 -2.000000 -29.669930
v -12.075647 -2.000000 -29.560507
v -11.915420 -2.000000 -29.448542
v -11.756932 -2.000000 -29.333998
v -11.600288 -2.000000 -29.217005
v -11.445340 -2.000000 -29.097507
v -11.292235 -2.000000 -28.975668
v -11.140791 -2.000000 -28.851397
v -10.991139 -2.000000 -28.724848
v -10.843217 -2.000000 -28.596024
v -10.697139 -2.000000 -28.465084
v -10.552455 -2.000000 -28.331667
v -10.409664 -2.000000 -28.196274
v -10.268461 -2.000000 -28.058670
v -10.128875 -2.000000 -27.918928
v -9.990937 -2.000000 -27.777124
v -9.854683 -2.000000 -27.633350
v -9.719829 -2.000000 -27.487347
v -9.586637 -2.000000 -27.339428
v -9.455006 -2.000000 -27.189533
v -9.324829 -2.000000 -27.037584
v -9.196177 -2.000000 -26.883694
v -9.069077 -2.000000 -26.727938
v -8.943310 -2.000000 -26.570093
v -8.819100 -2.000000 -26.410460
v -8.696262 -2.000000 -26.248852
v -8.574865 -2.000000 -26.085384
v -8.454841 -2.000000 -25.920004
v -8.336210 -2.000000 -25.752773
v -8.218928 -2.000000 -25.583654
v -8.102984 -2.000000 -25.412663
v -7.988413 -2.000000 -25.239880
v -7.875128 -2.000000 -25.065210
v -7.763132 -2.000000 -24.888678
v -7.652480 -2.000000 -24.710396
v -7.543036 -2.000000 -24.530174
v -7.434896 -2.000000 -24.348192
v -7.328021 -2.000000 -24.164406
v -7.222348 -2.000000 -23.978735
v -7.118040 -2.000000 -23.791489
v -7.015314 -2.000000 -23.603134
v -6.914243 -2.000000 -23.413944
v -6.814780 -2.000000 -23.224001
v -6.716771 -2.000000 -23.033180
v -6.620211 -2.000000 -22.841623
v -6.525005 -2.000000 -22.649294
v -6.431116 -2.000000 -22.456264
v -6.338473 -2.000000 -22.262541
v -6.247006 -2.000000 -22.068119
v -6.156708 -2.000000 -21.873114
v -6.067490 -2.000000 -21.677488
v -5.979320 -2.000000 -21.481295
v -5.892141 -2.000000 -21.284542
v -5.805935 -2.000000 -21.087324
v -5.720621 -2.000000 -20.889578
v -5.636220 -2.000000 -20.691477
v -5.552641 -2.000000 -20.492945
v -5.469872 -2.000000 -20.294065
v -5.387844 -2.000000 -20.094801
v -5.306612 -2.000000 -19.895391
v -5.226030 -2.000000 -19.695625
v -5.146142 -2.000000 -19.495699
v -5.066903 -2.000000 -19.295631
v -4.988281 -2.000000 -19.095455
v -4.910241 -2.000000 -18.895197
v -4.832780 -2.000000 -18.694958
v -4.755818 -2.000000 -18.494648
v -4.679408 -2.000000 -18.294504
v -4.603476 -2.000000 -18.094456
v -4.527997 -2.000000 -17.894545
v -4.452959 -2.000000 -17.694843
v -4.378361 -2.000000 -17.495449
v -4.304160 -2.000000 -17.296364
v -4.230324 -2.000000 -17.097609
v -4.156864 -2.000000 -16.899305
v -4.083745 -2.000000 -16.701473
v -4.010944 -2.000000 -16.504152
v -3.938449 -2.000000 -16.307407
v -3.866251 -2.000000 -16.111315
v -3.794323 -2.000000 -15.915904
v -3.722657 -2.000000 -15.721250
v -3.651232 -2.000000 -15.527395
v -3.580029 -2.000000 -15.334386
v -3.509051 -2.000000 -15.142323
v -3.438274 -2.000000 -14.951235
v -3.367683 -2.000000 -14.761181
v -3.297274 -2.000000 -14.572238
v -3.227039 -2.000000 -14.384475
v -3.156932 -2.000000 -14.197865
v -3.087016 -2.000000 -14.012648
v -3.017218 -2.000000 -13.828734
v -2.947557 -2.000000 -13.646255
v -2.878024 -2.000000 -13.465266
v -2.808606 -2.000000 -13.285823
v -2.739300 -2.000000 -13.107992
v -2.670116 -2.000000 -12.931875
v -2.601036 -2.000000 -12.757510
v -2.532074 -2.000000 -12.585001
v -2.463204 -2.000000 -12.414361
v -2.394450 -2.000000 -12.245712
v -2.325821 -2.000000 -12.079148
v -2.257278 -2.000000 -11.914642
v -2.188877 -2.000000 -11.752381
v -2.120616 -2.000000 -11.592423
v -2.052471 -2.000000 -11.434775
v -1.984500 -2.000000 -11.279613
v -1.916679 -2.000000 -11.126942
v -1.849036 -2.000000 -10.976864
v -1.781602 -2.000000 -10.829489
v -1.714396 -2.000000 -10.684896
v -1.647431 -2.000000 -10.543147
v -1.580716 -2.000000 -10.404293
v -1.514344 -2.000000 -10.268543
v -1.448277 -2.000000 -10.135846
v -1.382616 -2.000000 -10.006407
v -1.317356 -2.000000 -9.880228
v -1.252567 -2.000000 -9.757445
v -1.188304 -2.000000 -9.638149
v -1.124610 -2.000000 -9.522411
v -1.061560 -2.000000 -9.410339
v -0.999217 -2.000000 -9.302019
v -0.937663 -2.000000 -9.197549
v -0.876970 -2.000000 -9.097004
v -0.817241 -2.000000 -9.000493
v -0.758566 -2.000000 -8.908094
v -0.701050 -2.000000 -8.819888
v -0.644788 -2.000000 -8.735930
v -0.589948 -2.000000 -8.656360
v -0.536627 -2.000000 -8.581201
v -0.484971 -2.000000 -8.510521
v -0.435094 -2.000000 -8.444336
v -0.387268 -2.000000 -8.382827
v -0.341559 -2.000000 -8.325907
v -0.298136 -2.000000 -8.273588
v -0.257277 -2.000000 -8.225983
v -0.219062 -2.000000 -8.182958
v -0.183766 -2.000000 -8.144565
v -0.151588 -2.000000 -8.110747
v -0.122701 -2.000000 -8.081398
v -0.096968 -2.000000 -8.056117
v -0.073252 -2.000000 -8.033680
v -0.051141 -2.000000 -8.013567
v -0.030663 -2.000000 -7.995644
v -0.011727 -2.000000 -7.979689
v 0.005749 -2.000000 -7.965510
v 0.021847 -2.000000 -7.952924
v 0.036661 -2.000000 -7.941755
v 0.050304 -2.000000 -7.931830
v 0.062937 -2.000000 -7.922968
v 0.074662 -2.000000 -7.915034
v 0.085687 -2.000000 -7.907857
v 0.096135 -2.000000 -7.901324
v 0.106183 -2.000000 -7.895316
v 0.116037 -2.000000 -7.889720
v 0.125862 -2.000000 -7.884453
v 0.135826 -2.000000 -7.879453
v 0.146167 -2.000000 -7.874644
v 0.157029 -2.000000 -7.870002
v 0.168589 -2.000000 -7.865502
v 0.181090 -2.000000 -7.861122
v 0.194588 -2.000000 -7.856888
v 0.209367 -2.000000 -7.852798
v 0.225493 -2.000000 -7.848898
v 0.243128 -2.000000 -7.845225
v 0.262433 -2.000000 -7.841829
v 0.283500 -2.000000 -7.838773
v 0.306461 -2.000000 -7.836122
v 0.331386 -2.000000 -7.833952
v 0.358326 -2.000000 -7.832340
v 0.387444 -2.000000 -7.831369
v 0.418696 -2.000000 -7.831116
v 0.452176 -2.000000 -7.831672
v 0.487940 -2.000000 -7.833119
v 0.525978 -2.000000 -7.835541
v 0.566299 -2.000000 -7.839016
v 0.608955 -2.000000 -7.843632
v 0.653847 -2.000000 -7.849452
v 0.701072 -2.000000 -7.856565
v 0.750571 -2.000000 -7.865037
v 0.802248 -2.000000 -7.874918
v 0.856209 -2.000000 -7.886300
v 0.912288 -2.000000 -7.899209
v 0.970527 -2.000000 -7.913721
v 1.030842 -2.000000 -7.929874
v 1.093181 -2.000000 -7.947710
v 1.157537 -2.000000 -7.967282
v 1.223823 -2.000000 -7.988617
v 1.291942 -2.000000 -8.011729
v 1.361957 -2.000000 -8.036692
v 1.433697 -2.000000 -8.063485
v 1.507155 -2.000000 -8.092148
v 1.582255 -2.000000 -8.122691
v 1.658948 -2.000000 -8.155131
v 1.737191 -2.000000 -8.189486
v 1.816873 -2.000000 -8.225738
v 1.897980 -2.000000 -8.263912
v 1.980459 -2.000000 -8.304014
v 2.064231 -2.000000 -8.346030
v 2.149222 -2.000000 -8.389948
v 2.235405 -2.000000 -8.435779
v 2.322754 -2.000000 -8.483531
v 2.411116 -2.000000 -8.533139
v 2.500544 -2.000000 -8.584654
v 2.590942 -2.000000 -8.638036
v 2.682234 -2.000000 -8.693255
v 2.774401 -2.000000 -8.750317
v 2.867395 -2.000000 -8.809205
v 2.961132 -2.000000 -8.869878
v 3.055635 -2.000000 -8.932363
v 3.150744 -2.000000 -8.996561
v 3.246564 -2.000000 -9.062559
v 3.342891 -2.000000 -9.130219
v 3.439824 -2.000000 -9.199622
v 3.537201 -2.000000 -9.270655
v 3.635087 -2.000000 -9.343375
v 3.733344 -2.000000 -9.417683
v 3.831984 -2.000000 -9.493593
v 3.930984 -2.000000 -9.571092
v 4.030249 -2.000000 -9.650108
v 4.129801 -2.000000 -9.730662
v 4.229570 -2.000000 -9.812700
v 4.329487 -2.000000 -9.896167
v 4.429631 -2.000000 -9.981132
v 4.529833 -2.000000 -10.067447
v 4.630142 -2.000000 -10.155161
v 4.730503 -2.000000 -10.244224
v 4.830843 -2.000000 -10.334568
v 4.931208 -2.000000 -10.426239
v 5.031532 -2.000000 -10.519175
v 5.131724 -2.000000 -10.613285
v 5.231847 -2.000000 -10.708633
v 5.331840 -2.000000 -10.805158
v 5.431656 -2.000000 -10.902811
v 5.531263 -2.000000 -11.001560
v 5.630636 -2.000000 -11.101377
v 5.729779 -2.000000 -11.202266
v 5.828629 -2.000000 -11.304154
v 5.927137 -2.000000 -11.406993
v 6.025377 -2.000000 -11.510859
v 6.123287 -2.000000 -11.615678
v 6.221166 -2.000000 -11.721779
v 6.319160 -1.999997 -11.829297
v 6.417162 -1.999990 -11.938088
v 6.515220 -1.999976 -12.048178
v 6.613355 -1.999954 -12.159562
v 6.711504 -1.999920 -12.272139
v 6.809725 -1.999873 -12.385943
v 6.907945 -1.999810 -12.500860
v 7.006247 -1.999730 -12.616955
v 7.104585 -1.999629 -12.734138
v 7.202944 -1.999507 -12.852357
v 7.301363 -1.999360 -12.971627
v 7.399822 -1.999186 -13.091887
v 7.498334 -1.998984 -13.213113
v 7.596901 -1.998750 -13.335273
v 7.695493 -1.998483 -13.458288
v 7.794193 -1.998180 -13.582229
v 7.892933 -1.997839 -13.706963
v 7.991720 -1.997459 -13.832458
v 8.090622 -1.997036 -13.958768
v 8.189614 -1.996569 -14.085812
v 8.288633 -1.996055 -14.213464
v 8.387808 -1.995492 -14.341853
v 8.487066 -1.994878 -14.470839
v 8.586464 -1.994211 -14.600446
v 8.685984 -1.993488 -14.730608
v 8.785581 -1.992708 -14.861217
v 8.885424 -1.991867 -14.992456
v 8.985373 -1.990964 -15.124084
v 9.085473 -1.989997 -15.256115
v 9.185798 -1.988963 -15.388599
v 9.286331 -1.987860 -15.521462
v 9.387057 -1.986686 -15.654631
v 9.488035 -1.985438 -15.788135
v 9.589220 -1.984115 -15.921860
v 9.690738 -1.982715 -16.055923
v 9.792447 -1.981234 -16.190077
v 9.894532 -1.979671 -16.324524
v 9.996895 -1.978023 -16.459066
v 10.099634 -1.976289 -16.593786
v 10.202713 -1.974466 -16.728569
v 10.306179 -1.972552 -16.863428
v 10.410028 -1.970544 -16.998293
v 10.514361 -1.968441 -17.133245
v 10.619090 -1.966240 -17.268099
v 10.724346 -1.963939 -17.402969
v 10.830101 -1.961535 -17.537748
v 10.936378 -1.959027 -17.672413
v 11.043247 -1.956413 -17.806980
v 11.150665 -1.953689 -17.941332
v 11.258740 -1.950855 -18.075539
v 11.367535 -1.947907 -18.209606
v 11.476933 -1.944843 -18.343319
v 11.587148 -1.941662 -18.476873
v 11.698063 -1.938360 -18.610046
v 11.809831 -1.934937 -18.742960
v 11.922429 -1.931389 -18.875502
v 12.035945 -1.927714 -19.007698
v 12.150389 -1.923910 -19.139482
v 12.265853 -1.919975 -19.270878
v 12.382290 -1.915907 -19.401751
v 12.499856 -1.911703 -19.532188
v 12.618522 -1.907361 -19.662069
v 12.738428 -1.902880 -19.791462
v 12.859514 -1.898255 -19.920202
v 12.981971 -1.893487 -20.048405
v 13.105799 -1.888572 -20.175966
v 13.230989 -1.883508 -20.302774
v 13.357759 -1.878292 -20.428951
v 13.486018 -1.872924 -20.554296
v 13.615912 -1.867400 -20.678848
v 13.747518 -1.861717 -20.802563
v 13.880962 -1.855875 -20.925444
v 14.016211 -1.849871 -21.047329
v 14.153418 -1.843702 -21.168245
v 14.292597 -1.837366 -21.288069
v 14.433867 -1.830861 -21.406775
v 14.577357 -1.824186 -21.524334
v 14.723091 -1.817337 -21.640623
v 14.871112 -1.810312 -21.755533
v 15.021662 -1.803109 -21.869106
v 15.174671 -1.795727 -21.981129
v 15.330233 -1.788162 -22.091516
v 15.488521 -1.780412 -22.200233
v 15.649537 -1.772476 -22.307112
v 15.813416 -1.764351 -22.412075
v 15.980141 -1.756035 -22.514931
v 16.149872 -1.747525 -22.615610
v 16.322598 -1.738820 -22.713924
v 16.498432 -1.729917 -22.809759
v 16.677330 -1.720813 -22.902901
v 16.859472 -1.711508 -22.993258
v 17.044725 -1.701998 -23.080576
v 17.233019 -1.692281 -23.164644
v 17.424738 -1.682356 -23.245445
v 17.619516 -1.672219 -23.322630
v 17.817276 -1.661869 -23.395992
v 18.018234 -1.651303 -23.465437
v 18.222189 -1.640519 -23.530712
v 18.428663 -1.629515 -23.591509
v 18.636568 -1.618289 -23.647429
v 18.845444 -1.606847 -23.698347
v 19.055042 -1.595192 -23.744238
v 19.265396 -1.583330 -23.785131
v 19.476130 -1.571265 -23.820999
v 19.687346 -1.559002 -23.851898
v 19.898941 -1.546546 -23.877846
v 20.110312 -1.533902 -23.898821
v 20.321960 -1.521075 -23.914936
v 20.533417 -1.508070 -23.926186
v 20.744547 -1.494891 -23.932629
v 20.955313 -1.481544 -23.934324
v 21.165609 -1.468033 -23.931332
v 21.375330 -1.454364 -23.923716
v 21.584381 -1.440541 -23.911541
v 21.792683 -1.426569 -23.894875
v 22.000118 -1.412452 -23.873793
v 22.206673 -1.398197 -23.848362
v 22.411978 -1.383808 -23.818703
v 22.616446 -1.369289 -23.784830
v 22.819809 -1.354646 -23.746838
v 23.021904 -1.339883 -23.704834
v 23.222748 -1.325006 -23.658882
v 23.422384 -1.310018 -23.609039
v 23.620667 -1.294927 -23.555412
v 23.817551 -1.279734 -23.498075
v 24.013243 -1.264448 -23.437038
v 24.207407 -1.249070 -23.372461
v 24.400061 -1.233608 -23.304415
v 24.591482 -1.218065 -23.232859
v 24.781303 -1.202447 -23.157986
v 24.969734 -1.186758 -23.079777
v 25.156656 -1.171003 -22.998344
v 25.342014 -1.155187 -22.913767
v 25.526068 -1.139316 -22.825985
v 25.708673 -1.123393 -22.735109
v 25.889509 -1.107425 -22.641363
v 26.069086 -1.091415 -22.544538
v 26.247219 -1.075369 -22.444773
v 26.423798 -1.059291 -22.342175
v 26.598854 -1.043187 -22.236782
v 26.772533 -1.027061 -22.128550
v 26.944641 -1.010918 -22.017643
v 27.115526 -0.994764 -21.903881
v 27.284697 -0.978602 -21.787619
v 27.452570 -0.962438 -21.668629
v 27.619047 -0.946277 -21.547005
v 27.784037 -0.930124 -21.422852
v 27.947618 -0.913983 -21.296144
v 28.109762 -0.897860 -21.166945
v 28.270557 -0.881759 -21.035210
v 28.429993 -0.865686 -20.900970
v 28.587906 -0.849644 -20.764402
v 28.744556 -0.833640 -20.625309
v 28.899784 -0.817677 -20.483854
v 29.053596 -0.801762 -20.340059
v 29.206209 -0.785898 -20.193743
v 29.357235 -0.770090 -20.045296
v 29.507080 -0.754344 -19.894348
v 29.655472 -0.738665 -19.741180
v 29.802513 -0.723057 -19.585722
v 29.948191 -0.707525 -19.427999
v 30.092712 -0.692074 -19.267797
v 30.235577 -0.676709 -19.105679
v 30.377296 -0.661435 -18.941095
v 30.517672 -0.646257 -18.774282
v 30.656609 -0.631179 -18.605350
v 30.794201 -0.616207 -18.434223
v 30.930548 -0.601345 -18.260767
v 31.065460 -0.586599 -18.085232
v 31.199051 -0.571973 -17.907478
v 31.331293 -0.557472 -17.727551
v 31.462084 -0.543101 -17.545595
v 31.591717 -0.528865 -17.361208
v 31.719757 -0.514768 -17.174992
v 31.846537 -0.500816 -16.986502
v 31.971952 -0.487014 -16.795862
v 32.095921 -0.473367 -16.603209
v 32.218647 -0.459879 -16.408222
v 32.339764 -0.446555 -16.211468
v 32.459637 -0.433400 -16.012384
v 32.578072 -0.420419 -15.811255
v 32.695042 -0.407617 -15.608134
v 32.810658 -0.394999 -15.402826
v 32.924778 -0.382570 -15.195562
v 33.037529 -0.370334 -14.986123
v 33.148796 -0.358297 -14.774686
v 33.258553 -0.346463 -14.561314
v 33.366932 -0.334838 -14.345737
v 33.473778 -0.323425 -14.128236
v 33.579170 -0.312231 -13.908636
v 33.683044 -0.301260 -13.687069
v 33.785378 -0.290516 -13.463567
v 33.886280 -0.280006 -13.237864
v 33.985592 -0.269733 -13.010302
v 34.083355 -0.259702 -12.780762
v 34.179634 -0.249919 -12.549082
v 34.274284 -0.240389 -12.315567
v 34.367378 -0.231115 -12.080029
v 34.458839 -0.222103 -11.842653
v 34.548553 -0.213358 -11.603739
v 34.636501 -0.204878 -11.363414
v 34.722694 -0.196663 -11.121760
v 34.807163 -0.188710 -10.878773
v 34.889938 -0.181020 -10.634474
v 34.971031 -0.173589 -10.388927
v 35.050499 -0.166418 -10.142042
v 35.128315 -0.159504 -9.893991
v 35.204525 -0.152846 -9.644742
v 35.279152 -0.146444 -9.394272
v 35.352184 -0.140295 -9.142745
v 35.423706 -0.134398 -8.889942
v 35.493660 -0.128752 -8.636134
v 35.562061 -0.123356 -8.381356
v 35.628990 -0.118208 -8.125432
v 35.694405 -0.113306 -7.868551
v 35.758335 -0.108651 -7.610686
v 35.820801 -0.104239 -7.351861
v 35.881786 -0.100071 -7.092187
v 35.941345 -0.096144 -6.831573
v 35.999451 -0.092457 -6.570135
v 36.056126 -0.089009 -6.307901
v 36.111393 -0.085798 -6.044826
v 36.165234 -0.082824 -5.781059
v 36.217670 -0.080084 -5.516591
v 36.268726 -0.077578 -5.251381
v 36.318378 -0.075304 -4.985605
v 36.366695 -0.073261 -4.718988
v 36.413593 -0.071447 -4.452001
v 36.459129 -0.069862 -4.184452
v 36.503330 -0.068503 -3.916261
v 36.546154 -0.067369 -3.647732
v 36.587658 -0.066460 -3.378610
v 36.627811 -0.065773 -3.109080
v 36.666611 -0.065308 -2.839286
v 36.704090 -0.065063 -2.569096
v 36.740257 -0.065036 -2.298505
v 36.775082 -0.065227 -2.027751
v 36.808594 -0.065634 -1.756743
v 36.840816 -0.066256 -1.485332
v 36.871689 -0.067091 -1.214072
v 36.901299 -0.068138 -0.942312
v 36.929565 -0.069395 -0.670777
v 36.956558 -0.070862 -0.399015
v 36.982254 -0.072537 -0.127169
v 37.006645 -0.074419 0.144556
v 37.029762 -0.076506 0.416330
v 37.051582 -0.078796 0.688016
v 37.072117 -0.081290 0.959578
v 37.091366 -0.083985 1.230911
v 37.109352 -0.086879 1.502326
v 37.126034 -0.089972 1.773270
v 37.141449 -0.093263 2.044051
v 37.155598 -0.096749 2.314638
v 37.168457 -0.100430 2.584749
v 37.180054 -0.104304 2.854596
v 37.190376 -0.108371 3.124072
v 37.199425 -0.112627 3.393108
v 37.207203 -0.117073 3.661706
v 37.213707 -0.121707 3.929760
v 37.218948 -0.126527 4.197306
v 37.222916 -0.131532 4.464309
v 37.225613 -0.136721 4.730737
v 37.227039 -0.142093 4.996414
v 37.227203 -0.147646 5.261662
v 37.226089 -0.153378 5.526018
v 37.223709 -0.159290 5.789771
v 37.220043 -0.165378 6.052676
v 37.215111 -0.171642 6.314769
v 37.208904 -0.178080 6.576237
v 37.201420 -0.184692 6.836504
v 37.192650 -0.191475 7.096191
v 37.182598 -0.198429 7.354834
v 37.171261 -0.205552 7.612579
v 37.158634 -0.212842 7.869250
v 37.144714 -0.220299 8.125046
v 37.129501 -0.227921 8.379630
v 37.112988 -0.235707 8.633238
v 37.095154 -0.243655 8.885887
v 37.076023 -0.251764 9.137158
v 37.055576 -0.260033 9.387413
v 37.033791 -0.268460 9.636549
v 37.010693 -0.277044 9.884307
v 36.986248 -0.285784 10.130970
v 36.960457 -0.294678 10.376363
v 36.933315 -0.303725 10.620456
v 36.904800 -0.312924 10.863269
v 36.874928 -0.322273 11.104664
v 36.843651 -0.331771 11.344860
v 36.810978 -0.341416 11.583622
v 36.776894 -0.351208 11.821024
v 36.741379 -0.361145 12.057022
v 36.704411 -0.371225 12.291667
v 36.666008 -0.381448 12.524719
v 36.626091 -0.391811 12.756530
v 36.584717 -0.402314 12.986647
v 36.541763 -0.412955 13.215621
v 36.497307 -0.423734 13.442845
v 36.451267 -0.434647 13.668625
v 36.403606 -0.445696 13.893035
v 36.354378 -0.456876 14.115656
v 36.303535 -0.468181 14.336620
v 36.251041 -0.479606 14.556000
v 36.196896 -0.491141 14.773704
v 36.141071 -0.502782 14.989729
v 36.083530 -0.514519 15.204189
v 36.024246 -0.526347 15.417093
v 35.963192 -0.538258 15.628425
v 35.900383 -0.550245 15.838072
v 35.835701 -0.562300 16.046349
v 35.769222 -0.574418 16.252905
v 35.700867 -0.586590 16.457956
v 35.630634 -0.598810 16.661406
v 35.558441 -0.611071 16.863443
v 35.484341 -0.623364 17.063807
v 35.408211 -0.635685 17.262794
v 35.330139 -0.648024 17.460079
v 35.250027 -0.660375 17.655865
v 35.167816 -0.672732 17.850214
v 35.083622 -0.685086 18.042782
v 34.997253 -0.697431 18.233971
v 34.908798 -0.709759 18.423492
v 34.818260 -0.722065 18.611309
v 34.725510 -0.734339 18.797628
v 34.630600 -0.746576 18.982285
v 34.533573 -0.758769 19.165155
v 34.434273 -0.770909 19.346487
v 34.332737 -0.782991 19.526152
v 34.229126 -0.795006 19.703831
v 34.123184 -0.806948 19.879938
v 34.015064 -0.818810 20.054173
v 33.904766 -0.830585 20.226500
v 33.792118 -0.842265 20.397171
v 33.677322 -0.853843 20.565826
v 33.560421 -0.865313 20.732409
v 33.441185 -0.876667 20.897224
v 33.319866 -0.887898 21.059896
v 33.196335 -0.898999 21.220602
v 33.070610 -0.909963 21.379286
v 32.942917 -0.920783 21.535677
v 32.812969 -0.931451 21.690125
v 32.681038 -0.941962 21.842293
v 32.547161 -0.952306 21.992159
v 32.411098 -0.962478 22.139997
v 32.273224 -0.972470 22.285408
v 32.133354 -0.982275 22.428600
v 31.991659 -0.991887 22.569422
v 31.848097 -1.001297 22.707932
v 31.702759 -1.010499 22.844067
v 31.555643 -1.019486 22.977854
v 31.406948 -1.028251 23.109146
v 31.256439 -1.036786 23.238184
v 31.104376 -1.045084 23.364763
v 30.950769 -1.053139 23.488918
v 30.795832 -1.060943 23.610523
v 30.639271 -1.068490 23.729847
v 30.481268 -1.075771 23.846783
v 30.322130 -1.082780 23.961149
v 30.161386 -1.089510 24.073336
v 29.999531 -1.095954 24.183022
v 29.836647 -1.102104 24.290218
v 29.672350 -1.107954 24.395227
v 29.506966 -1.113496 24.497875
v 29.340599 -1.118723 24.598146
v 29.173126 -1.123629 24.696173
v 29.004606 -1.128206 24.791960
v 28.835201 -1.132446 24.885466
v 28.664835 -1.136344 24.976788
v 28.493561 -1.139891 25.065947
v 28.321306 -1.143081 25.153021
v 28.148417 -1.145906 25.237890
v 27.974552 -1.148360 25.320770
v 27.799910 -1.150436 25.401615
v 27.624361 -1.152125 25.480528
v 27.448339 -1.153422 25.557356
v 27.271358 -1.154319 25.632378
v 27.093676 -1.154808 25.705511
v 26.915442 -1.154884 25.776751
v 26.736139 -1.154538 25.846344
v 26.556477 -1.153764 25.914051
v 26.375952 -1.152554 25.980118
v 26.194773 -1.150902 26.044500
v 26.012926 -1.148800 26.107250
v 25.830463 -1.146241 26.168392
v 25.647167 -1.143219 26.228035
v 25.463358 -1.139725 26.286112
v 25.278702 -1.135753 26.342773
v 25.093489 -1.131296 26.397961
v 24.907459 -1.126347 26.451792
v 24.720900 -1.120898 26.504215
v 24.533543 -1.114943 26.555349
v 24.345442 -1.108474 26.605209
v 24.156702 -1.101484 26.653797
v 23.967241 -1.093967 26.701174
v 23.777039 -1.085914 26.747377
v 23.586029 -1.077320 26.792448
v 23.394341 -1.068176 26.836391
v 23.201860 -1.058476 26.879259
v 23.008579 -1.048213 26.921087
v 22.814541 -1.037379 26.961893
v 22.619316 -1.025971 27.001789
v 22.423098 -1.013998 27.040743
v 22.225723 -1.001472 27.078806
v 22.027168 -0.988406 27.115980
v 21.827606 -0.974813 27.152243
v 21.626804 -0.960704 27.187647
v 21.425007 -0.946093 27.222149
v 21.221987 -0.930992 27.255804
v 21.017902 -0.915413 27.288582
v 20.812645 -0.899370 27.320511
v 20.606421 -0.882873 27.351562
v 20.398941 -0.865937 27.381792
v 20.190357 -0.848573 27.411175
v 19.980745 -0.830793 27.439707
v 19.769909 -0.812612 27.467424
v 19.558184 -0.794040 27.494280
v 19.345037 -0.775090 27.520355
v 19.131020 -0.755776 27.545576
v 18.915939 -0.736109 27.569975
v 18.699648 -0.716101 27.593580
v 18.482246 -0.695766 27.616379
v 18.263855 -0.675117 27.638353
v 18.044281 -0.654164 27.659538
v 17.823719 -0.632921 27.679914
v 17.601902 -0.611401 27.699509
v 17.379217 -0.589615 27.718287
v 17.155375 -0.567577 27.736284
v 16.930378 -0.545299 27.753502
v 16.704523 -0.522794 27.769911
v 16.477358 -0.500073 27.785563
v 16.249258 -0.477149 27.800415
v 16.020216 -0.454036 27.814486
v 15.789847 -0.430744 27.827801
v 15.558671 -0.407288 27.840319
v 15.326408 -0.383679 27.852074
v 15.092949 -0.359930 27.863062
v 14.858652 -0.336053 27.873272
v 14.623206 -0.312061 27.882723
v 14.386734 -0.287966 27.891405
v 14.149359 -0.263782 27.899319
v 13.910770 -0.239520 27.906477
v 13.671365 -0.215192 27.912868
v 13.430835 -0.190812 27.918505
v 13.189341 -0.166392 27.923380
v 12.946888 -0.141944 27.927500
v 12.703403 -0.117481 27.930866
v 12.458893 -0.093015 27.933481
v 12.213438 -0.068559 27.935339
v 11.966967 -0.044126 27.936447
v 11.719562 -0.019727 27.936802
v 11.471190 0.004624 27.936405
v 11.221890 0.028916 27.935265
v 10.971526 0.053135 27.933374
v 10.720358 0.077269 27.930738
v 10.468062 0.101306 27.927357
v 10.215043 0.125233 27.923227
v 9.960949 0.149038 27.918358
v 9.705956 0.172708 27.912746
v 9.449938 0.196231 27.906387
v 9.193213 0.219594 27.899288
v 8.935436 0.242784 27.891449
v 8.676788 0.265790 27.882872
v 8.417240 0.288598 27.873552
v 8.156763 0.311197 27.863493
v 7.895436 0.333573 27.852697
v 7.633254 0.355714 27.841162
v 7.370136 0.377608 27.828892
v 7.106176 0.399242 27.815882
v 6.841321 0.420604 27.802139
v 6.575645 0.441681 27.787657
v 6.309178 0.462461 27.772444
v 6.041737 0.482931 27.756493
v 5.773551 0.503079 27.739813
v 5.504437 0.522892 27.722391
v 5.234628 0.542358 27.704243
v 4.963900 0.561463 27.685360
v 4.692354 0.580197 27.665741
v 4.420105 0.598545 27.645395
v 4.146890 0.616497 27.624310
v 3.873039 0.634038 27.602501
v 3.598306 0.651158 27.579956
v 3.322852 0.667842 27.556684
v 3.046531 0.684080 27.532677
v 2.769569 0.699857 27.507946
v 2.491712 0.715162 27.482477
v 2.213166 0.729983 27.456282
v 1.933904 0.744306 27.429359
v 1.653832 0.758119 27.401703
v 1.373057 0.771410 27.373322
v 1.091586 0.784166 27.344213
v 0.809300 0.796375 27.314369
v 0.526385 0.808025 27.283802
v 0.242707 0.819102 27.252501
v -0.041615 0.829594 27.220478
v -0.326698 0.839489 27.187723
v -0.612403 0.848773 27.154247
v -0.898850 0.857436 27.120037
v -1.185982 0.865465 27.085096
v -1.473710 0.872845 27.049437
v -0.692665 0.879567 18.681406
v -0.963241 0.885619 18.646685
v -1.234332 0.891007 18.611275
v -1.505809 0.895740 18.575178
v -1.777630 0.899824 18.538391
v -2.049819 0.903269 18.500887
v -2.322247 0.906082 18.462669
v -2.594936 0.908273 18.423717
v -2.867871 0.909848 18.384016
v -3.140901 0.910816 18.343571
v -3.414071 0.911186 18.302359
v -3.687462 0.910964 18.260345
v -3.960739 0.910161 18.217577
v -4.234096 0.908783 18.173998
v -4.507438 0.906839 18.129604
v -4.780722 0.904337 18.084391
v -5.053847 0.901286 18.038357
v -5.326868 0.897693 17.991474
v -5.599653 0.893566 17.943750
v -5.872278 0.888915 17.895151
v -6.144579 0.883746 17.845694
v -6.416623 0.878068 17.795341
v -6.688201 0.871890 17.744127
v -6.959520 0.865218 17.691980
v -7.230355 0.858063 17.638939
v -7.500728 0.850431 17.584976
v -7.770545 0.842332 17.530092
v -8.039814 0.833772 17.474272
v -8.308547 0.824761 17.417488
v -8.576551 0.815306 17.359774
v -8.843989 0.805416 17.301067
v -9.110609 0.795098 17.241417
v -9.376507 0.784362 17.180775
v -9.641600 0.773214 17.119146
v -9.905806 0.761664 17.056534
v -10.169196 0.749719 16.992897
v -10.431571 0.737388 16.928278
v -10.693043 0.724679 16.862621
v -10.953463 0.711599 16.795952
v -11.212816 0.698158 16.728252
v -11.471150 0.684363 16.659498
v -11.728212 0.670223 16.589741
v -11.984177 0.655744 16.518908
v -12.238901 0.640937 16.447025
v -12.492300 0.625809 16.374104
v -12.744452 0.610368 16.300098
v -12.995244 0.594622 16.225027
v -13.244610 0.578580 16.148897
v -13.492506 0.562249 16.071701
v -13.738971 0.545639 15.993406
v -13.983887 0.528756 15.914042
v -14.227240 0.511609 15.833592
v -14.468947 0.494206 15.752069
v -14.709029 0.476556 15.669449
v -14.947415 0.458667 15.585739
v -15.184030 0.440546 15.500956
v -15.418894 0.422203 15.415069
v -15.651911 0.403644 15.328102
v -15.883014 0.384879 15.240065
v -16.112299 0.365915 15.150904
v -16.339520 0.346761 15.060706
v -16.564806 0.327425 14.969398
v -16.788067 0.307915 14.877007
v -17.009207 0.288239 14.783560
v -17.228235 0.268405 14.689035
v -17.445080 0.248421 14.593456
v -17.659775 0.228297 14.496790
v -17.872196 0.208039 14.399084
v -18.082325 0.187656 14.300334
v -18.290121 0.167156 14.200546
v -18.495567 0.146548 14.099722
v -18.698639 0.125839 13.997854
v -18.899187 0.105038 13.895020
v -19.097397 0.084152 13.791101
v -19.292931 0.063191 13.686282
v -19.486053 0.042161 13.580395
v -19.676508 0.021072 13.473589
v -19.864393 -0.000068 13.365791
v -20.049625 -0.021252 13.257048
v -20.232130 -0.042471 13.147397
v -20.411991 -0.063717 13.036778
v -20.589062 -0.084982 12.925287
v -20.763407 -0.106258 12.812870
v -20.934916 -0.127536 12.699604
v -21.103659 -0.148808 12.585433
v -21.269491 -0.170067 12.470463
v -21.432497 -0.191303 12.354624
v -21.592644 -0.212509 12.237949
v -21.749817 -0.233678 12.120522
v -21.904156 -0.254799 12.002234
v -22.055508 -0.275866 11.883214
v -22.203960 -0.296870 11.763391
v -22.349398 -0.317803 11.642869
v -22.491919 -0.338657 11.521567
v -22.631458 -0.359423 11.399548
v -22.768007 -0.380094 11.276828
v -22.901642 -0.400661 11.153341
v -23.032263 -0.421117 11.029195
v -23.159889 -0.441452 10.904382
v -23.284595 -0.461660 10.778825
v -23.406471 -0.481732 10.652444
v -23.526089 -0.501660 10.524616
v -23.643606 -0.521443 10.395187
v -23.759094 -0.541082 10.264110
v -23.872458 -0.560577 10.131523
v -23.983873 -0.579929 9.997231
v -24.093302 -0.599136 9.861309
v -24.200729 -0.618201 9.723806
v -24.306280 -0.637121 9.584573
v -24.409832 -0.655899 9.443806
v -24.511551 -0.674534 9.301278
v -24.611418 -0.693026 9.157052
v -24.709297 -0.711375 9.011347
v -24.805456 -0.729581 8.863757
v -24.899681 -0.747646 8.714660
v -24.992147 -0.765568 8.563766
v -25.082727 -0.783348 8.411324
v -25.171555 -0.800986 8.257107
v -25.258556 -0.818483 8.101266
v -25.343794 -0.835838 7.943694
v -25.427189 -0.853052 7.784577
v -25.508841 -0.870124 7.623707
v -25.588737 -0.887056 7.461145
v -25.666813 -0.903847 7.297036
v -25.743113 -0.920497 7.131304
v -25.817677 -0.937006 6.963859
v -25.890472 -0.953376 6.794805
v -25.961468 -0.969605 6.624237
v -26.030720 -0.985694 6.452021
v -26.098217 -1.001643 6.278201
v -26.163937 -1.017453 6.102858
v -26.227896 -1.033123 5.925984
v -26.290100 -1.048654 5.747544
v -26.350536 -1.064046 5.567626
v -26.409212 -1.079299 5.386215
v -26.466118 -1.094413 5.203359
v -26.521265 -1.109388 5.019055
v -26.574663 -1.124225 4.833287
v -26.626295 -1.138923 4.646142
v -26.676161 -1.153484 4.457655
v -26.724287 -1.167906 4.267739
v -26.770638 -1.182190 4.076583
v -26.815220 -1.196337 3.884176
v -26.858088 -1.210347 3.690298
v -26.899168 -1.224219 3.495377
v -26.938517 -1.237954 3.299145
v -26.976110 -1.251552 3.101769
v -27.011963 -1.265013 2.903188
v -27.046093 -1.278338 2.703385
v -27.078440 -1.291526 2.502817
v -27.109106 -1.304578 2.300734
v -27.138004 -1.317494 2.097984
v -27.165192 -1.330273 1.894100
v -27.190668 -1.342917 1.689118
v -27.214420 -1.355426 1.483347
v -27.236471 -1.367798 1.276610
v -27.256815 -1.380036 1.069013
v -27.275457 -1.392139 0.860617
v -27.292421 -1.404106 0.651250
v -27.307697 -1.415939 0.441296
v -27.321299 -1.427637 0.230503
v -27.333237 -1.439201 0.018943
v -27.343517 -1.450630 -0.193210
v -27.352144 -1.461925 -0.406061
v -27.359129 -1.473086 -0.619477
v -27.364483 -1.484114 -0.833414
v -27.368212 -1.495008 -1.048025
v -27.370333 -1.505768 -1.263125
v -27.370850 -1.516396 -1.478685
v -27.369778 -1.526890 -1.694527
v -27.367111 -1.537251 -1.910901
v -27.362877 -1.547479 -2.127771
v -27.357088 -1.557575 -2.344785
v -27.349745 -1.567538 -2.562261
v -27.340883 -1.577369 -2.779704
v -27.330465 -1.587068 -2.997755
v -27.318562 -1.596635 -3.215737
v -27.305140 -1.606070 -3.434043
v -27.290239 -1.615374 -3.652423
v -27.273863 -1.624546 -3.870885
v -27.256035 -1.633587 -4.089349
v -27.236752 -1.642497 -4.307895
v -27.216036 -1.651276 -4.526409
v -27.193897 -1.659924 -4.744862
v -27.170349 -1.668442 -4.963287
v -27.145411 -1.676829 -5.181583
v -27.119104 -1.685086 -5.399673
v -27.091429 -1.693213 -5.617598
v -27.062397 -1.701210 -5.835356
v -27.032047 -1.709077 -6.052803
v -27.000376 -1.716814 -6.269949
v -26.967411 -1.724422 -6.486753
v -26.933140 -1.731901 -6.703280
v -26.897604 -1.739251 -6.919400
v -26.860846 -1.746472 -7.134933
v -26.822811 -1.753564 -7.350157
v -26.783569 -1.760527 -7.564837
v -26.743111 -1.767363 -7.779031
v -26.701483 -1.774070 -7.992567
v -26.658678 -1.780648 -8.205537
v -26.614721 -1.787100 -8.417842
v -26.569632 -1.793423 -8.629455
v -26.523434 -1.799620 -8.840299
v -26.476131 -1.805692 -9.050390
v -26.427732 -1.811639 -9.259729
v -26.378277 -1.817464 -9.468184
v -26.327755 -1.823168 -9.675804
v -26.276138 -1.828752 -9.882750
v -26.223543 -1.834217 -10.088609
v -26.169901 -1.839564 -10.293646
v -26.115213 -1.844796 -10.497881
v -26.059570 -1.849912 -10.701041
v -26.002872 -1.854914 -10.903476
v -25.945303 -1.859804 -11.104608
v -25.886671 -1.864583 -11.305060
v -25.827120 -1.869253 -11.504432
v -25.766676 -1.873813 -11.702642
v -25.705261 -1.878266 -11.899947
v -25.642967 -1.882614 -12.096102
v -25.579744 -1.886856 -12.291257
v -25.515684 -1.890995 -12.485194
v -25.450714 -1.895032 -12.678115
v -25.384914 -1.898968 -12.869833
v -25.318256 -1.902804 -13.060429
v -25.250820 -1.906542 -13.249726
v -25.182529 -1.910183 -13.437921
v -25.113426 -1.913728 -13.624941
v -25.043629 -1.917178 -13.810493
v -24.973009 -1.920536 -13.994906
v -24.901634 -1.923800 -14.178049
v -24.829531 -1.926975 -14.359864
v -24.756723 -1.930060 -14.540313
v -24.683174 -1.933057 -14.719494
v -24.609001 -1.935967 -14.897166
v -24.534101 -1.938792 -15.073559
v -24.458580 -1.941532 -15.248467
v -24.382406 -1.944189 -15.421969
v -24.305614 -1.946765 -15.594005
v -24.228230 -1.949260 -15.764540
v -24.150269 -1.951676 -15.933542
v -24.071655 -1.954013 -16.101196
v -23.992590 -1.956275 -16.267115
v -23.912958 -1.958461 -16.431530
v -23.832790 -1.960572 -16.594397
v -23.752172 -1.962611 -16.755568
v -23.671000 -1.964579 -16.915251
v -23.589466 -1.966476 -17.073107
v -23.507467 -1.968304 -17.229330
v -23.424944 -1.970065 -17.384052
v -23.342155 -1.971758 -17.536821
v -23.258940 -1.973387 -17.687943
v -23.175360 -1.974953 -17.837307
v -23.091476 -1.976455 -17.984835
v -23.007202 -1.977896 -18.130688
v -22.922705 -1.979277 -18.274605
v -22.837881 -1.980599 -18.416767
v -22.752878 -1.981864 -18.556953
v -22.667648 -1.983073 -18.695255
v -22.582138 -1.984227 -18.831766
v -22.496586 -1.985327 -18.966143
v -22.410797 -1.986374 -19.098694
v -22.324831 -1.987371 -19.229342
v -22.238914 -1.988318 -19.357786
v -22.152813 -1.989216 -19.484364
v -22.066727 -1.990067 -19.608820
v -21.980583 -1.990872 -19.731272
v -21.894512 -1.991632 -19.851555
v -21.808441 -1.992349 -19.969793
v -21.722464 -1.993024 -20.085876
v -21.636606 -1.993657 -20.199793
v -21.550865 -1.994252 -20.311563
v -21.465319 -1.994808 -20.421114
v -21.379990 -1.995326 -20.528439
v -21.294781 -1.995809 -20.633677
v -21.210136 -1.996258 -20.736322
v -21.125502 -1.996673 -20.837042
v -21.041327 -1.997057 -20.935354
v -20.957600 -1.997409 -21.031294
v -20.874233 -1.997733 -21.124979
v -20.791458 -1.998028 -21.216194
v -20.709064 -1.998297 -21.305182
v -20.627224 -1.998540 -21.391804
v -20.546148 -1.998758 -21.475868
v -20.465548 -1.998954 -21.557699
v -20.385811 -1.999128 -21.636946
v -20.306644 -1.999281 -21.713928
v -20.228413 -1.999416 -21.788342
v -20.151056 -1.999532 -21.860273
v -20.074379 -1.999632 -21.929939
v -19.998901 -1.999717 -21.996929
v -19.924372 -1.999787 -22.061501
v -19.850885 -1.999845 -22.123613
v -19.778509 -1.999891 -22.183268
v -19.707327 -1.999927 -22.240442
v -19.637352 -1.999954 -22.295170
v -19.568789 -1.999973 -22.347361
v -19.501553 -1.999986 -22.397131
v -19.435717 -1.999994 -22.444481
v -19.371408 -1.999998 -22.489388
v -19.308685 -2.000000 -22.531872
v -19.247442 -2.000000 -22.572065
v -19.187675 -2.000000 -22.610035
v -19.129084 -2.000000 -22.646019
v -19.071863 -2.000000 -22.679966
v -19.016174 -2.000000 -22.711855
v -18.961651 -2.000000 -22.741936
v -18.908514 -2.000000 -22.770161
v -18.856850 -2.000000 -22.796545
v -18.806442 -2.000000 -22.821257
v -18.757456 -2.000000 -22.844278
v -18.709976 -2.000000 -22.865637
v -18.663609 -2.000000 -22.885550
v -18.618856 -2.000000 -22.903885
v -18.575132 -2.000000 -22.920914
v -18.532988 -2.000000 -22.936501
v -18.492002 -2.000000 -22.950842
v -18.452271 -2.000000 -22.963959
v -18.413778 -2.000000 -22.975910
v -18.376509 -2.000000 -22.986752
v -18.340189 -2.000000 -22.996595
v -18.305189 -2.000000 -23.005413
v -18.271038 -2.000000 -23.013338
v -18.237852 -2.000000 -23.020391
v -18.205587 -2.000000 -23.026619
v -18.174343 -2.000000 -23.032049
v -18.143698 -2.000000 -23.036766
v -18.113461 -2.000000 -23.040812
v -18.084431 -2.000000 -23.044157
v -18.055517 -2.000000 -23.046890
v -18.027241 -2.000000 -23.049013
v -17.999308 -2.000000 -23.050549
v -17.971470 -2.000000 -23.051506
v -17.944027 -2.000000 -23.051907
v -17.916586 -2.000000 -23.051737
v -17.889288 -2.000000 -23.051012
v -17.861828 -2.000000 -23.049707
v -17.834408 -2.000000 -23.047838
v -17.806515 -2.000000 -23.045334
v -17.778357 -2.000000 -23.042206
v -17.749985 -2.000000 -23.038458
v -17.721010 -2.000000 -23.033995
v -17.691280 -2.000000 -23.028757
v -17.661598 -2.000000 -23.022911
v -17.630672 -2.000000 -23.016108
v -17.599297 -2.000000 -23.008528
v -17.567068 -2.000000 -23.000019
v -17.533777 -2.000000 -22.990475
v -17.500095 -2.000000 -22.980091
v -17.465179 -2.000000 -22.968519
v -17.429377 -2.000000 -22.955849
v -17.392433 -2.000000 -22.941927
v -17.354784 -2.000000 -22.926897
v -17.315832 -2.000000 -22.910442
v -17.275984 -2.000000 -22.892700
v -17.234987 -2.000000 -22.873493
v -17.192926 -2.000000 -22.852816
v -17.149637 -2.000000 -22.830517
v -17.105600 -2.000000 -22.806820
v -17.060053 -2.000000 -22.781214
v -17.013876 -2.000000 -22.754185
v -16.966305 -2.000000 -22.725185
v -16.917776 -2.000000 -22.694448
v -16.868240 -2.000000 -22.661880
v -16.817600 -2.000000 -22.627350
v -16.766010 -2.000000 -22.590919
v -16.713383 -2.000000 -22.552454
v -16.659870 -2.000000 -22.512018
v -16.605349 -2.000000 -22.469456
v -16.550007 -2.000000 -22.424860
v -16.493744 -2.000000 -22.378090
v -16.436619 -2.000000 -22.329142
v -16.378540 -2.000000 -22.277863
v -16.319971 -2.000000 -22.224644
v -16.260424 -2.000000 -22.168949
v -16.200230 -2.000000 -22.111053
v -16.139360 -2.000000 -22.050875
v -16.077808 -2.000000 -21.988346
v -16.015553 -2.000000 -21.923386
v -15.952882 -2.000000 -21.856268
v -15.889562 -2.000000 -21.786667
v -15.825698 -2.000000 -21.714657
v -15.761415 -2.000000 -21.640327
v -15.696657 -2.000000 -21.563564
v -15.631413 -2.000000 -21.484301
v -15.565914 -2.000000 -21.402781
v -15.499956 -2.000000 -21.318687
v -15.433729 -2.000000 -21.232224
v -15.367186 -2.000000 -21.143282
v -15.300409 -2.000000 -21.051928
v -15.233388 -2.000000 -20.958092
v -15.166186 -2.000000 -20.861830
v -15.098828 -2.000000 -20.763128
v -15.031292 -2.000000 -20.661905
v -14.963681 -2.000000 -20.558281
v -14.896004 -2.000000 -20.452223
v -14.828226 -2.000000 -20.343628
v -14.760491 -2.000000 -20.232697
v -14.692723 -2.000000 -20.119247
v -14.624970 -2.000000 -20.003332
v -14.557317 -2.000000 -19.885054
v -14.489599 -2.000000 -19.764069
v -14.421627 -2.000000 -19.639988
v -14.353297 -2.000000 -19.512602
v -14.284625 -2.000000 -19.381945
v -14.215724 -2.000000 -19.248253
v -14.146575 -2.000000 -19.111498
v -14.077235 -2.000000 -18.971819
v -14.007716 -2.000000 -18.829264
v -13.938048 -2.000000 -18.683933
v -13.868277 -2.000000 -18.535944
v -13.798373 -2.000000 -18.385288
v -13.728393 -2.000000 -18.232117
v -13.658338 -2.000000 -18.076490
v -13.588230 -2.000000 -17.918507
v -13.518059 -2.000000 -17.758188
v -13.447871 -2.000000 -17.595703
v -13.377619 -2.000000 -17.430996
v -13.307351 -2.000000 -17.264250
v -13.237052 -2.000000 -17.095488
v -13.166759 -2.000000 -16.924868
v -13.096391 -2.000000 -16.752251
v -13.026046 -2.000000 -16.577972
v -12.955664 -2.000000 -16.401939
v -12.885250 -2.000000 -16.224241
v -12.814803 -2.000000 -16.044956
v -12.744329 -2.000000 -15.864180
v -12.673796 -2.000000 -15.681905
v -12.603251 -2.000000 -15.498354
v -12.532618 -2.000000 -15.313380
v -12.461926 -2.000000 -15.127175
v -12.391173 -2.000000 -14.939812
v -12.320340 -2.000000 -14.751320
v -12.249398 -2.000000 -14.561718
v -12.178353 -2.000000 -14.371116
v -12.107205 -2.000000 -14.179604
v -12.035914 -2.000000 -13.987166
v -11.964481 -2.000000 -13.793899
v -11.892896 -2.000000 -13.599874
v -11.821141 -2.000000 -13.405137
v -11.749189 -2.000000 -13.209715
v -11.677038 -2.000000 -13.013699
v -11.604667 -2.000000 -12.817127
v -11.532057 -2.000000 -12.620059
v -11.459197 -2.000000 -12.422564
v -11.386054 -2.000000 -12.224648
v -11.312621 -2.000000 -12.026403
v -11.238877 -2.000000 -11.827873
v -11.164796 -2.000000 -11.629094
v -11.090354 -2.000000 -11.430110
v -11.015563 -2.000000 -11.231061
v -10.940331 -2.000000 -11.031803
v -10.864695 -2.000000 -10.832555
v -10.788606 -2.000000 -10.633288
v -10.712039 -2.000000 -10.434064
v -10.634976 -2.000000 -10.234934
v -10.557387 -2.000000 -10.035941
v -10.479234 -2.000000 -9.837095
v -10.400497 -2.000000 -9.638474
v -10.321133 -2.000000 -9.440076
v -10.241133 -2.000000 -9.242009
v -10.160444 -2.000000 -9.044254
v -10.079022 -2.000000 -8.846831
v -9.996874 -2.000000 -8.649883
v -9.913916 -2.000000 -8.453323
v -9.830112 -2.000000 -8.257211
v -9.745459 -2.000000 -8.061655
v -9.659863 -2.000000 -7.866581
v -9.573318 -2.000000 -7.672108
v -9.485761 -2.000000 -7.478230
v -9.397131 -2.000000 -7.284955
v -9.307377 -2.000000 -7.092315
v -9.216454 -2.000000 -6.900360
v -9.124316 -2.000000 -6.709150
v -9.030846 -2.000000 -6.518583
v -8.936041 -2.000000 -6.328828
v -8.839776 -2.000000 -6.139786
v -8.742019 -2.000000 -5.951567
v -8.642666 -2.000000 -5.764145
v -8.541636 -2.000000 -5.577544
v -8.438848 -2.000000 -5.391803
v -8.334197 -2.000000 -5.206919
v -8.227589 -2.000000 -5.022924
v -8.118908 -2.000000 -4.839829
v -8.008051 -2.000000 -4.657670
v -7.894881 -2.000000 -4.476447
v -7.779277 -2.000000 -4.296195
v -7.661101 -2.000000 -4.116945
v -7.540227 -2.000000 -3.938752
v -7.416454 -2.000000 -3.761586
v -7.289653 -2.000000 -3.585538
v -7.159647 -2.000000 -3.410650
v -7.026286 -2.000000 -3.237015
v -6.889271 -2.000000 -3.064561
v -6.748500 -2.000000 -2.893493
v -6.603773 -2.000000 -2.723909
v -6.454778 -2.000000 -2.555799
v -6.301405 -2.000000 -2.389419
v -6.143346 -2.000000 -2.224819
v -5.980370 -2.000000 -2.062169
v -5.812272 -2.000000 -1.901691
v -5.639143 -2.000000 -1.743883
v -5.462125 -2.000000 -1.590075
v -5.281638 -2.000000 -1.440752
v -5.097685 -2.000000 -1.295994
v -4.910391 -2.000000 -1.155974
v -4.719867 -2.000000 -1.020832
v -4.526228 -2.000000 -0.890700
v -4.329600 -2.000000 -0.765700
v -4.130129 -2.000000 -0.645956
v -3.928005 -2.000000 -0.531596
v -3.723363 -2.000000 -0.422705
v -3.516444 -2.000000 -0.319401
v -3.307403 -2.000000 -0.221745
v -3.096446 -2.000000 -0.129805
v -2.883814 -2.000000 -0.043644
v -2.669699 -2.000000 0.036710
v -2.454307 -2.000000 0.111243
v -2.237904 -2.000000 0.179932
v -2.020667 -2.000000 0.242805
v -1.802804 -2.000000 0.299888
v -1.584589 -2.000000 0.351210
v -1.366112 -2.000000 0.396851
v -1.147689 -2.000000 0.436858
v -0.929416 -2.000000 0.471330
v -0.711487 -2.000000 0.500355
v -0.494095 -2.000000 0.524034
v -0.277364 -2.000000 0.542482
v -0.061458 -2.000000 0.555816
v 0.153522 -2.000000 0.564164
v 0.367491 -2.000000 0.567654
v 0.580257 -2.000000 0.566419
v 0.791831 -2.000000 0.560591
v 1.002087 -2.000000 0.550309
v 1.210938 -2.000000 0.535708
v 1.418361 -2.000000 0.516923
v 1.624316 -2.000000 0.494087
v 1.828719 -2.000000 0.467335
v 2.031638 -2.000000 0.436784
v 2.232944 -2.000000 0.402574
v 2.432663 -2.000000 0.364821
v 2.630860 -2.000000 0.323630
v 2.827396 -2.000000 0.279141
v 3.022409 -2.000000 0.231436
v 3.215822 -2.000000 0.180637
v 3.407686 -2.000000 0.126838
v 3.598024 -2.000000 0.070131
v 3.786811 -2.000000 0.010619
v 3.974100 -2.000000 -0.051617
v 4.159958 -2.000000 -0.116511
v 4.344290 -2.000000 -0.183942
v 4.527235 -2.000000 -0.253874
v 4.708769 -2.000000 -0.326218
v 4.888935 -2.000000 -0.400912
v 5.067750 -2.000000 -0.477888
v 5.245227 -2.000000 -0.557076
v 5.421443 -2.000000 -0.638441
v 5.596381 -2.000000 -0.721908
v 5.770065 -2.000000 -0.807422
v 5.942536 -2.000000 -0.894940
v 6.113842 -2.000000 -0.984425
v 6.283978 -2.000000 -1.075816
v 6.452933 -2.000000 -1.169052
v 6.620833 -2.000000 -1.264145
v 6.787591 -2.000000 -1.360996
v 6.953273 -2.000000 -1.459591
v 7.117922 -2.000000 -1.559906
v 7.281526 -2.000000 -1.661888
v 7.444099 -2.000000 -1.765501
v 7.605696 -2.000000 -1.870733
v 7.766260 -2.000000 -1.977508
v 7.925920 -2.000000 -2.085868
v 8.084541 -2.000000 -2.195685
v 8.242292 -2.000000 -2.307034
v 8.399045 -2.000000 -2.419790
v 8.554928 -2.000000 -2.534009
v 8.709846 -2.000000 -2.649586
v 8.863903 -2.000000 -2.766567
v 9.017058 -2.000000 -2.884887
v 9.169303 -2.000000 -3.004509
v 9.320695 -2.000000 -3.125448
v 9.471187 -2.000000 -3.247639
v 9.620814 -2.000000 -3.371079
v 9.769613 -2.000000 -3.495773
v 9.917473 -2.000000 -3.621604
v 10.064535 -2.000000 -3.748660
v 10.210714 -2.000000 -3.876848
v 10.356033 -2.000000 -4.006162
v 10.500538 -2.000000 -4.136621
v 10.644146 -2.000000 -4.268128
v 10.786893 -2.000000 -4.400692
v 10.928840 -2.000000 -4.534349
v 11.069888 -2.000000 -4.668992
v 11.210070 -2.000000 -4.804626
v 11.349400 -2.000000 -4.941243
v 11.487880 -2.000000 -5.078832
v 11.625500 -2.000000 -5.217363
v 11.762221 -2.000000 -5.356783
v 11.898085 -2.000000 -5.497115
v 12.033101 -2.000000 -5.638354
v 12.167165 -2.000000 -5.780375
v 12.300324 -2.000000 -5.923210
v 12.432225 -2.000000 -6.066449
v 12.562748 -1.999997 -6.209903
v 12.692034 -1.999990 -6.353646
v 12.820048 -1.999976 -6.497580
v 12.946800 -1.999954 -6.641640
v 13.072376 -1.999920 -6.785856
v 13.196743 -1.999873 -6.930121
v 13.319998 -1.999810 -7.074482
v 13.442079 -1.999730 -7.218801
v 13.563059 -1.999629 -7.363095
v 13.682980 -1.999507 -7.507348
v 13.801820 -1.999360 -7.651473
v 13.919626 -1.999186 -7.795460
v 14.036413 -1.998984 -7.939261
v 14.152202 -1.998750 -8.082841
v 14.267045 -1.998483 -8.226203
v 14.380880 -1.998180 -8.369210
v 14.493807 -1.997839 -8.511919
v 14.605842 -1.997459 -8.654294
v 14.716932 -1.997036 -8.796210
v 14.827137 -1.996569 -8.937677
v 14.936542 -1.996055 -9.078748
v 15.045036 -1.995492 -9.219227
v 15.152720 -1.994878 -9.359179
v 15.259565 -1.994211 -9.498514
v 15.365609 -1.993488 -9.637221
v 15.470924 -1.992708 -9.775338
v 15.575358 -1.991867 -9.912620
v 15.679084 -1.990964 -10.049222
v 15.782078 -1.989997 -10.185071
v 15.884286 -1.988963 -10.320044
v 15.985753 -1.987860 -10.454141
v 16.086523 -1.986686 -10.587367
v 16.186554 -1.985438 -10.719617
v 16.285919 -1.984115 -10.850939
v 16.384516 -1.982715 -10.981147
v 16.482510 -1.981234 -11.110408
v 16.579739 -1.979671 -11.238463
v 16.676327 -1.978023 -11.365425
v 16.772194 -1.976289 -11.491144
v 16.867414 -1.974466 -11.615668
v 16.961954 -1.972552 -11.738912
v 17.055845 -1.970544 -11.860872
v 17.149008 -1.968441 -11.981403
v 17.241558 -1.966240 -12.100613
v 17.333387 -1.963939 -12.218318
v 17.424545 -1.961535 -12.334549
v 17.515039 -1.959027 -12.449269
v 17.604815 -1.956413 -12.562381
v 17.693951 -1.953689 -12.673941
v 17.782354 -1.950855 -12.783802
v 17.869986 -1.947907 -12.891888
v 17.956995 -1.944843 -12.998339
v 18.043180 -1.941662 -13.102895
v 18.128696 -1.938360 -13.205703
v 18.213406 -1.934937 -13.306578
v 18.297356 -1.931389 -13.405556
v 18.380482 -1.927714 -13.502533
v 18.462807 -1.923910 -13.597518
v 18.544250 -1.919975 -13.690404
v 18.624897 -1.915907 -13.781263
v 18.704603 -1.911703 -13.869933
v 18.783430 -1.907361 -13.956468
v 18.861254 -1.902880 -14.040723
v 18.938168 -1.898255 -14.122793
v 19.014000 -1.893487 -14.202498
v 19.088774 -1.888572 -14.279862
v 19.162525 -1.883508 -14.354928
v 19.235062 -1.878292 -14.427510
v 19.306496 -1.872924 -14.497728
v 19.376703 -1.867400 -14.565478
v 19.445639 -1.861717 -14.630738
v 19.513193 -1.855875 -14.693429
v 19.579424 -1.849871 -14.753632
v 19.644207 -1.843702 -14.811262
v 19.707552 -1.837366 -14.866368
v 19.769361 -1.830861 -14.918901
v 19.829531 -1.824186 -14.968827
v 19.888063 -1.817337 -15.016194
v 19.944933 -1.810312 -15.061034
v 19.999929 -1.803109 -15.103248
v 20.053146 -1.795727 -15.142963
v 20.104511 -1.788162 -15.180202
v 20.153873 -1.780412 -15.214931
v 20.201263 -1.772476 -15.247241
v 20.246559 -1.764351 -15.277140
v 20.289810 -1.756035 -15.304748
v 20.330872 -1.747525 -15.330064
v 20.369799 -1.738820 -15.353209
v 20.406481 -1.729917 -15.374226
v 20.440996 -1.720813 -15.393253
v 20.473183 -1.711508 -15.410312
v 20.503202 -1.701998 -15.425583
v 20.531157 -1.692281 -15.439214
v 20.556671 -1.682356 -15.451155
v 20.580143 -1.672219 -15.461669
v 20.601677 -1.661869 -15.470898
v 20.621080 -1.651303 -15.478876
v 20.638567 -1.640519 -15.485768
v 20.654671 -1.629515 -15.491824
v 20.670452 -1.618289 -15.497380
v 20.686365 -1.606847 -15.502558
v 20.702623 -1.595192 -15.507400
v 20.719151 -1.583330 -15.511887
v 20.736294 -1.571265 -15.516062
v 20.753908 -1.559002 -15.519885
v 20.772072 -1.546546 -15.523349
v 20.791334 -1.533902 -15.526476
v 20.811174 -1.521075 -15.529192
v 20.832012 -1.508070 -15.531493
v 20.853956 -1.494891 -15.533341
v 20.877007 -1.481544 -15.534691
v 20.901226 -1.468033 -15.535496
v 20.926685 -1.454364 -15.535707
v 20.953449 -1.440541 -15.535269
v 20.981562 -1.426569 -15.534127
v 21.011093 -1.412452 -15.532221
v 21.042034 -1.398197 -15.529492
v 21.074701 -1.383808 -15.525835
v 21.108664 -1.369289 -15.521260
v 21.144144 -1.354646 -15.515672
v 21.181269 -1.339883 -15.508977
v 21.219992 -1.325006 -15.501126
v 21.260223 -1.310018 -15.492081
v 21.302073 -1.294927 -15.481742
v 21.345566 -1.279734 -15.470047
v 21.390440 -1.264448 -15.457008
v 21.437004 -1.249070 -15.442466
v 21.485203 -1.233608 -15.426369
v 21.534729 -1.218065 -15.408776
v 21.585899 -1.202447 -15.389496
v 21.638479 -1.186758 -15.368569
v 21.692547 -1.171003 -15.345896
v 21.748119 -1.155187 -15.321408
v 21.804918 -1.139316 -15.295180
v 21.863022 -1.123393 -15.267116
v 21.922737 -1.107425 -15.236991
v 21.983517 -1.091415 -15.205048
v 22.045496 -1.075369 -15.171154
v 22.108755 -1.059291 -15.135205
v 22.173223 -1.043187 -15.097187
v 22.238735 -1.027061 -15.057152
v 22.305429 -1.010918 -15.014951
v 22.372936 -0.994764 -14.970782
v 22.441692 -0.978602 -14.924290
v 22.511261 -0.962438 -14.875732
v 22.581707 -0.946277 -14.825014
v 22.653070 -0.930124 -14.772048
v 22.725237 -0.913983 -14.716880
v 22.798216 -0.897860 -14.659448
v 22.871872 -0.881759 -14.599819
v 22.946184 -0.865686 -14.537966
v 23.021265 -0.849644 -14.473733
v 23.096838 -0.833640 -14.407331
v 23.173018 -0.817677 -14.338602
v 23.249758 -0.801762 -14.267543
v 23.326815 -0.785898 -14.194352
v 23.404524 -0.770090 -14.118639
v 23.482464 -0.754344 -14.040802
v 23.560852 -0.738665 -13.960558
v 23.639565 -0.723057 -13.878002
v 23.718571 -0.707525 -13.793120
v 23.797636 -0.692074 -13.706139
v 23.877199 -0.676709 -13.616500
v 23.956743 -0.661435 -13.524777
v 24.036419 -0.646257 -13.430744
v 24.116272 -0.631179 -13.334298
v 24.196194 -0.616207 -13.235538
v 24.276043 -0.601345 -13.134603
v 24.355965 -0.586599 -13.031254
v 24.435812 -0.571973 -12.925653
v 24.515575 -0.557472 -12.817766
v 24.595325 -0.543101 -12.707453
v 24.674736 -0.528865 -12.595140
v 24.754187 -0.514768 -12.480228
v 24.833338 -0.500816 -12.363184
v 24.912239 -0.487014 -12.243889
v 24.990934 -0.473367 -12.122231
v 25.069197 -0.459879 -11.998530
v 25.147333 -0.446555 -11.872233
v 25.224974 -0.433400 -11.743931
v 25.302254 -0.420419 -11.613340
v 25.379169 -0.407617 -11.480422
v 25.455582 -0.394999 -11.345385
v 25.531578 -0.382570 -11.208011
v 25.607018 -0.370334 -11.068535
v 25.681961 -0.358297 -10.926785
v 25.756405 -0.346463 -10.782719
v 25.830189 -0.334838 -10.636621
v 25.903418 -0.323425 -10.488222
v 25.975985 -0.312231 -10.337704
v 26.047918 -0.301260 -10.184948
v 26.119200 -0.290516 -10.029945
v 26.189693 -0.280006 -9.872969
v 26.259508 -0.269733 -9.713687
v 26.328575 -0.259702 -9.552237
v 26.396797 -0.249919 -9.388789
v 26.464268 -0.240389 -9.223052
v 26.530890 -0.231115 -9.055233
v 26.596714 -0.222103 -8.885124
v 26.661804 -0.213358 -8.712512
v 26.726183 -0.204878 -8.537314
v 26.789843 -0.196663 -8.359537
v 26.852747 -0.188710 -8.179278
v 26.914877 -0.181020 -7.996596
v 26.976221 -0.173589 -7.811521
v 27.036726 -0.166418 -7.624225
v 27.096411 -0.159504 -7.434628
v 27.155245 -0.152846 -7.242852
v 27.213198 -0.146444 -7.049003
v 27.270288 -0.140295 -6.853006
v 27.326439 -0.134398 -6.655172
v 27.381693 -0.128752 -6.455315
v 27.436047 -0.123356 -6.253487
v 27.489431 -0.118208 -6.049953
v 27.541878 -0.113306 -5.844614
v 27.593359 -0.108651 -5.637581
v 27.643866 -0.104239 -5.428922
v 27.693403 -0.100071 -5.218609
v 27.741936 -0.096144 -5.006828
v 27.789474 -0.092457 -4.793544
v 27.836014 -0.089009 -4.578820
v 27.881521 -0.085798 -4.362792
v 27.926023 -0.082824 -4.145391
v 27.969498 -0.080084 -3.926724
v 28.011936 -0.077578 -3.706914
v 28.053341 -0.075304 -3.485874
v 28.093672 -0.073261 -3.263965
v 28.132978 -0.071447 -3.040808
v 28.171234 -0.069862 -2.816676
v 28.208414 -0.068503 -2.591746
v 28.244547 -0.067369 -2.365798
v 28.279598 -0.066460 -2.139169
v 28.313578 -0.065773 -1.911775
v 28.346497 -0.065308 -1.683550
v 28.378336 -0.065063 -1.454715
v 28.409086 -0.065036 -1.225364
v 28.438765 -0.065227 -0.995350
v 28.467361 -0.065634 -0.764845
v 28.494852 -0.066256 -0.534097
v 28.521280 -0.067091 -0.302630
v 28.546595 -0.068138 -0.071185
v 28.570835 -0.069395 0.160875
v 28.593979 -0.070862 0.393003
v 28.616026 -0.072537 0.625264
v 28.636984 -0.074419 0.857772
v 28.656839 -0.076506 1.090265
v 28.675602 -0.078796 1.322794
v 28.693268 -0.081290 1.555309
v 28.709845 -0.083985 1.787829
v 28.725315 -0.086879 2.019950
v 28.739697 -0.089972 2.252140
v 28.752981 -0.093263 2.483999
v 28.765165 -0.096749 2.715475
v 28.776260 -0.100430 2.946761
v 28.786261 -0.104304 3.177554
v 28.795168 -0.108371 3.407878
v 28.802982 -0.112627 3.637708
v 28.809710 -0.117073 3.866959
v 28.815346 -0.121707 4.095648
v 28.819893 -0.126527 4.323650
v 28.823360 -0.131532 4.550911
v 28.825743 -0.136721 4.777378
v 28.827045 -0.142093 5.003139
v 28.827274 -0.147646 5.227780
v 28.826420 -0.153378 5.451679
v 28.824495 -0.159290 5.674456
v 28.821505 -0.165378 5.896274
v 28.817444 -0.171642 6.117003
v 28.812328 -0.178080 6.336371
v 28.806137 -0.184692 6.554870
v 28.798920 -0.191475 6.771782
v 28.790638 -0.198429 6.987492
v 28.781313 -0.205552 7.201756
v 28.770945 -0.212842 7.414671
v 28.759554 -0.220299 7.625949
v 28.747120 -0.227921 7.835833
v 28.733677 -0.235707 8.044003
v 28.719233 -0.243655 8.250357
v 28.703753 -0.251764 8.455219
v 28.687288 -0.260033 8.658145
v 28.669844 -0.268460 8.859149
v 28.651394 -0.277044 9.058401
v 28.631992 -0.285784 9.255530
v 28.611624 -0.294678 9.450624
v 28.590303 -0.303725 9.643622
v 28.568048 -0.312924 9.834419
v 28.544849 -0.322273 10.023067
v 28.520763 -0.331771 10.209253
v 28.495771 -0.341416 10.393125
v 28.469894 -0.351208 10.574526
v 28.443153 -0.361145 10.753413
v 28.415575 -0.371225 10.929641
v 28.387136 -0.381448 11.103358
v 28.357933 -0.391811 11.274137
v 28.327898 -0.402314 11.442336
v 28.297169 -0.412955 11.607317
v 28.265642 -0.423734 11.769597
v 28.233427 -0.434647 11.928784
v 28.200558 -0.445696 12.084743
v 28.166979 -0.456876 12.237770
v 28.132736 -0.468181 12.387774
v 28.097857 -0.479606 12.534715
v 28.062332 -0.491141 12.678717
v 28.026180 -0.502782 12.819818
v 27.989443 -0.514519 12.957931
v 27.952133 -0.526347 13.093089
v 27.914270 -0.538258 13.225334
v 27.875830 -0.550245 13.354813
v 27.836935 -0.562300 13.481243
v 27.797482 -0.574418 13.605013
v 27.757561 -0.586590 13.725938
v 27.717165 -0.598810 13.844140
v 27.676373 -0.611071 13.959474
v 27.635113 -0.623364 14.072226
v 27.593510 -0.635685 14.182136
v 27.551460 -0.648024 14.289562
v 27.509069 -0.660375 14.394332
v 27.466383 -0.672732 14.496418
v 27.423265 -0.685086 14.596197
v 27.379927 -0.697431 14.693300
v 27.336248 -0.709759 14.788047
v 27.292229 -0.722065 14.880510
v 27.247999 -0.734339 14.970511
v 27.203491 -0.746576 15.058253
v 27.158655 -0.758769 15.143890
v 27.113651 -0.770909 15.227209
v 27.068420 -0.782991 15.308372
v 27.022797 -0.795006 15.387723
v 26.977045 -0.806948 15.464888
v 26.930990 -0.818810 15.540200
v 26.884630 -0.830585 15.613728
v 26.838137 -0.842265 15.685251
v 26.791285 -0.853843 15.755160
v 26.744034 -0.865313 15.823547
v 26.696621 -0.876667 15.890141
v 26.648764 -0.887898 15.955349
v 26.600601 -0.898999 16.019032
v 26.552099 -0.909963 16.081268
v 26.503025 -0.920783 16.142366
v 26.453674 -0.931451 16.202011
v 26.403746 -0.941962 16.260569
v 26.353207 -0.952306 16.318102
v 26.302298 -0.962478 16.374365
v 26.250626 -0.972470 16.429785
v 26.198372 -0.982275 16.484194
v 26.145355 -0.991887 16.537775
v 26.091627 -1.001297 16.590494
v 26.037067 -1.010499 16.642460
v 25.981688 -1.019486 16.693668
v 25.925272 -1.028251 16.744307
v 25.868061 -1.036786 16.794167
v 25.809774 -1.045084 16.843479
v 25.750399 -1.053139 16.892242
v 25.689711 -1.060943 16.940622
v 25.628021 -1.068490 16.988379
v 25.565113 -1.075771 17.035658
v 25.500679 -1.082780 17.082659
v 25.435198 -1.089510 17.129047
v 25.368145 -1.095954 17.175152
v 25.299440 -1.102104 17.221006
v 25.229479 -1.107954 17.266352
v 25.157909 -1.113496 17.311380
v 25.084616 -1.118723 17.356142
v 25.009735 -1.123629 17.400545
v 24.933182 -1.128206 17.444613
v 24.854799 -1.132446 17.488413
v 24.774651 -1.136344 17.531895
v 24.692686 -1.139891 17.575062
v 24.608959 -1.143081 17.617872
v 24.523121 -1.145906 17.660471
v 24.435511 -1.148360 17.702690
v 24.345922 -1.150436 17.744595
v 24.254475 -1.152125 17.786121
v 24.160723 -1.153422 17.827444
v 24.065151 -1.154319 17.868343
v 23.967503 -1.154808 17.908909
v 23.867613 -1.154884 17.949188
v 23.765999 -1.154538 17.988976
v 23.661926 -1.153764 18.028522
v 23.555910 -1.152554 18.067636
v 23.447735 -1.150902 18.106380
v 23.337399 -1.148800 18.144743
v 23.224844 -1.146241 18.182732
v 23.110285 -1.143219 18.220274
v 22.993397 -1.139725 18.257462
v 22.874504 -1.135753 18.294184
v 22.753305 -1.131296 18.330524
v 22.630062 -1.126347 18.366405
v 22.504469 -1.120898 18.401907
v 22.376806 -1.114943 18.436947
v 22.246996 -1.108474 18.471544
v 22.114929 -1.101484 18.505722
v 21.980690 -1.093967 18.539459
v 21.844288 -1.085914 18.572752
v 21.705774 -1.077320 18.605591
v 21.565029 -1.068176 18.637997
v 21.422142 -1.058476 18.669960
v 21.277122 -1.048213 18.701473
v 21.129906 -1.037379 18.732553
v 20.980947 -1.025971 18.763115
v 20.830057 -1.013998 18.793186
v 20.677406 -1.001472 18.822733
v 20.523041 -0.988406 18.851744
v 20.366796 -0.974813 18.880241
v 20.208927 -0.960704 18.908176
v 20.049194 -0.946093 18.935587
v 19.887854 -0.930992 18.962427
v 19.724756 -0.915413 18.988716
v 19.560030 -0.899370 19.014433
v 19.393473 -0.882873 19.039598
v 19.225401 -0.865937 19.064173
v 19.055672 -0.848573 19.088167
v 18.884230 -0.830793 19.111584
v 18.711279 -0.812612 19.134398
v 18.536514 -0.794040 19.156643
v 18.360474 -0.775090 19.178255
v 18.182617 -0.755776 19.199286
v 18.003164 -0.736109 19.219717
v 17.822266 -0.716101 19.239531
v 17.639854 -0.695766 19.258722
v 17.455805 -0.675117 19.277309
v 17.270340 -0.654164 19.295271
v 17.083275 -0.632921 19.312613
v 16.894896 -0.611401 19.329317
v 16.704830 -0.589615 19.345402
v 16.513378 -0.567577 19.360855
v 16.320559 -0.545299 19.375664
v 16.126085 -0.522794 19.389851
v 15.930429 -0.500073 19.403385
v 15.733233 -0.477149 19.416283
v 15.534520 -0.454036 19.428539
v 15.334674 -0.430744 19.440142
v 15.133217 -0.407288 19.451099
v 14.930431 -0.383679 19.461411
v 14.726436 -0.359930 19.471066
v 14.520898 -0.336053 19.480064
v 14.314138 -0.312061 19.488409
v 14.106051 -0.287966 19.496094
v 13.896535 -0.263782 19.503122
v 13.685907 -0.239520 19.509489
v 13.473791 -0.215192 19.515192
v 13.260508 -0.190812 19.520231
v 13.045913 -0.166392 19.524607
v 12.830023 -0.141944 19.528313
v 12.612915 -0.117481 19.531355
v 12.394608 -0.093015 19.533728
v 12.175032 -0.068559 19.535427
v 11.954275 -0.044126 19.536455
v 11.732270 -0.019727 19.536810
v 11.509068 0.004624 19.536493
v 11.284640 0.028916 19.535498
v 11.059145 0.053135 19.533833
v 10.832336 0.077269 19.531485
v 10.604551 0.101306 19.528465
v 10.375402 0.125233 19.524759
v 10.145259 0.149038 19.520382
v 9.913953 0.172708 19.515320
v 9.681635 0.196231 19.509584
v 9.447994 0.219594 19.503153
v 9.213400 0.242784 19.496050
v 8.977682 0.265790 19.488260
v 8.740884 0.288598 19.479790
v 8.503053 0.311197 19.470634
v 8.264127 0.333573 19.460791
v 8.024118 0.355714 19.450262
v 7.783138 0.377608 19.439051
v 7.541094 0.399242 19.427151
v 7.298063 0.420604 19.414562
v 7.053984 0.441681 19.401287
v 6.808838 0.462461 19.387318
v 6.562832 0.482931 19.372673
v 6.315744 0.503079 19.357327
v 6.067783 0.522892 19.341303
v 5.818724 0.542358 19.324574
v 5.568809 0.561463 19.307167
v 5.317950 0.580197 19.289068
v 5.066053 0.598545 19.270269
v 4.813393 0.616497 19.250795
v 4.559651 0.634038 19.230610
v 4.305099 0.651158 19.209745
v 4.049582 0.667842 19.188181
v 3.793270 0.684080 19.165934
v 3.535947 0.699857 19.142981
v 3.277881 0.715162 19.119349
v 3.018886 0.729983 19.095013
v 2.759004 0.744306 19.069981
v 2.498341 0.758119 19.044266
v 2.236811 0.771410 19.017849
v 1.974420 0.784166 18.990734
v 1.711303 0.796375 18.962938
v 1.447286 0.808025 18.934433
v 1.182527 0.819102 18.905243
v 0.916913 0.829594 18.875349
v 0.650582 0.839489 18.844767
v 0.383411 0.848773 18.813480
v 0.115534 0.857436 18.781511
v -0.153095 0.865465 18.748842
v -0.422539 0.872845 18.715467
vt 0.0 0.0
vt 1.0 0.0
vt 0.0 0.1
vt 1.0 0.1
vt 0.0 0.2
vt 1.0 0.2
vt 0.0 0.3
vt 1.0 0.3
vt 0.0 0.4
vt 1.0 0.4
vt 0.0 0.5
vt 1.0 0.5
vt 0.0 0.6
vt 1.0 0.6
vt 0.0 0.7
vt 1.0 0.7
vt 0.0 0.8
vt 1.0 0.8
vt 0.0 0.9
vt 1.0 0.9
vt 0.0 1
vt 1.0 1
vn 0.0205713 0.999785 0.00264073
vn 0.0220002 0.999754 0.00282416
vn 0.0182536 0.999831 0.0023851
vn 0.019538 0.999806 0.00255292
vn 0.015976 0.99987 0.00212473
vn 0.0171261 0.999851 0.00227769
vn 0.0137423 0.999904 0.00186051
vn 0.0147545 0.999889 0.00199755
vn 0.0115543 0.999932 0.0015926
vn 0.0124192 0.999921 0.00171182
vn 0.00940546 0.999955 0.00131989
vn 0.0101274 0.999948 0.00142121
vn 0.00729959 0.999973 0.00104309
vn 0.00787063 0.999968 0.00112469
vn 0.00523531 0.999986 0.00076182
vn 0.00565172 0.999984 0.000822413
vn 0.00320787 0.999995 0.000475354
vn 0.00347001 0.999994 0.000514198
vn 0.00122081 0.999999 0.000184255
vn 0.00132248 0.999999 0.0001996
vn -0.000729373 1 -0.000112128
vn -0.000790611 1 -0.000121542
vn -0.00264012 0.999996 -0.000413344
vn -0.00286959 0.999996 -0.000449271
vn -0.00451743 0.99999 -0.000720513
vn -0.00491554 0.999988 -0.00078401
vn -0.00635757 0.999979 -0.00103295
vn -0.00692834 0.999975 -0.00112569
vn -0.00816322 0.999966 -0.00135114
vn -0.00891017 0.999959 -0.00147477
vn -0.00993218 0.999949 -0.00167473
vn -0.010863 0.999939 -0.00183168
vn -0.0116705 0.99993 -0.00200497
vn -0.0127821 0.999916 -0.00219592
vn -0.0133724 0.999908 -0.0023406
vn -0.0146764 0.999889 -0.00256885
vn -0.0150462 0.999883 -0.00268347
vn -0.0165348 0.999859 -0.00294897
vn -0.0166818 0.999856 -0.00303136
vn -0.0183724 0.999826 -0.00333858
vn -0.0182912 0.999827 -0.00338699
vn -0.0201746 0.999789 -0.00373572
vn -0.0198589 0.999796 -0.003747
vn -0.0219629 0.99975 -0.00414398
vn -0.0214124 0.999762 -0.00411749
vn -0.0237046 0.999709 -0.00455827
vn -0.0229219 0.999727 -0.00449156
vn -0.0254349 0.999664 -0.00498397
vn -0.0244061 0.99969 -0.00487379
vn -0.0271339 0.999617 -0.00541853
vn -0.0258564 0.999652 -0.0052622
vn -0.0288138 0.999568 -0.00586408
vn -0.0272797 0.999612 -0.00565854
vn -0.0304624 0.999516 -0.00631873
vn -0.0286801 0.99957 -0.00606348
vn -0.0320814 0.999462 -0.00678258
vn -0.0300373 0.999528 -0.00647232
vn -0.0336945 0.999406 -0.00726036
vn -0.0313849 0.999484 -0.00689347
vn -0.0352579 0.999348 -0.00774414
vn -0.0326827 0.999439 -0.00731661
vn -0.0368252 0.999288 -0.00824398
vn -0.0339664 0.999393 -0.00775137
vn -0.0383511 0.999226 -0.008752
vn -0.0352181 0.999346 -0.00819269
vn -0.039861 0.999162 -0.00927276
vn -0.0364358 0.999299 -0.00864043
vn -0.0413527 0.999096 -0.00980643
vn -0.0376399 0.99925 -0.00909988
vn -0.0428055 0.99903 -0.0103487
vn -0.038796 0.999201 -0.00956169
vn -0.0442628 0.99896 -0.0109091
vn -0.0399441 0.999151 -0.0100373
vn -0.045671 0.998891 -0.0114764
vn -0.041051 0.999102 -0.0105169
vn -0.0470773 0.998818 -0.0120608
vn -0.0421331 0.999051 -0.0110058
vn -0.0484576 0.998745 -0.0126579
vn -0.0432004 0.999 -0.0115065
vn -0.0497982 0.998671 -0.0132638
vn -0.044209 0.99895 -0.0120061
vn -0.0511604 0.998594 -0.0138939
vn -0.0452222 0.998898 -0.0125243
vn -0.0524583 0.998517 -0.0145284
vn -0.0461925 0.998847 -0.0130457
vn -0.0537552 0.998439 -0.0151816
vn -0.0471271 0.998797 -0.0135733
vn -0.0550407 0.998358 -0.0158526
vn -0.0480544 0.998745 -0.014116
vn -0.0562796 0.998278 -0.0165321
vn -0.0489417 0.998694 -0.0146627
vn -0.0575136 0.998196 -0.0172308
vn -0.0497954 0.998644 -0.0152161
vn -0.0587315 0.998112 -0.0179467
vn -0.0506208 0.998593 -0.0157783
vn -0.05993 0.998028 -0.0186799
vn -0.051433 0.998543 -0.0163539
vn -0.0610877 0.997943 -0.0194238
vn -0.0522012 0.998493 -0.0169322
vn -0.0622439 0.997857 -0.0201897
vn -0.0529456 0.998444 -0.0175207
vn -0.0633706 0.99777 -0.0209706
vn -0.0536539 0.998395 -0.018115
vn -0.0644878 0.997681 -0.0217728
vn -0.0543439 0.998347 -0.0187215
vn -0.0655664 0.997593 -0.0225877
vn -0.054998 0.998299 -0.0193334
vn -0.0666316 0.997503 -0.023423
vn -0.0556151 0.998253 -0.0199507
vn -0.0676839 0.997411 -0.0242801
vn -0.0562155 0.998207 -0.020581
vn -0.0686966 0.997321 -0.0251504
vn -0.0567717 0.998162 -0.0212133
vn -0.0697034 0.997228 -0.0260453
vn -0.0572943 0.998118 -0.0218523
vn -0.0706941 0.997134 -0.026963
vn -0.0578112 0.998074 -0.022509
vn -0.0716191 0.997042 -0.0278852
vn -0.0582536 0.998033 -0.0231543
vn -0.0725868 0.996945 -0.0288515
vn -0.0587009 0.997991 -0.023823
vn -0.0734745 0.996851 -0.0298187
vn -0.0591014 0.997952 -0.0244913
vn -0.0743531 0.996756 -0.0308115
vn -0.0594611 0.997913 -0.0251621
vn -0.0752271 0.996658 -0.0318338
vn -0.0597937 0.997876 -0.0258421
vn -0.0760569 0.996562 -0.0328709
vn -0.0600865 0.997841 -0.0265247
vn -0.0768715 0.996463 -0.0339344
vn -0.0603616 0.997805 -0.0272202
vn -0.077633 0.996367 -0.0350088
vn -0.0605815 0.997773 -0.02791
vn -0.0783975 0.996268 -0.0361179
vn -0.0607711 0.997742 -0.0286068
vn -0.0791261 0.996169 -0.037247
vn -0.0609226 0.997712 -0.0293061
vn -0.0798248 0.996069 -0.0383988
vn -0.0610416 0.997684 -0.0300105
vn -0.0804872 0.99597 -0.0395708
vn -0.0611295 0.997657 -0.0307201
vn -0.0811114 0.995871 -0.0407618
vn -0.0611506 0.997634 -0.0314159
vn -0.0817467 0.995768 -0.041997
vn -0.0611878 0.997609 -0.0321424
vn -0.0822607 0.995674 -0.0432122
vn -0.0611123 0.997591 -0.0328272
vn -0.0828637 0.995566 -0.0445113
vn -0.0610708 0.997569 -0.0335543
vn -0.0833038 0.995473 -0.0457698
vn -0.0609349 0.997554 -0.0342469
vn -0.0838037 0.995369 -0.0470997
vn -0.0607927 0.997538 -0.0349581
vn -0.0842046 0.995271 -0.0484208
vn -0.0605951 0.997525 -0.0356565
vn -0.0845904 0.995172 -0.0497762
vn -0.0603487 0.997515 -0.0363461
vn -0.0849517 0.995071 -0.0511637
vn -0.0600872 0.997505 -0.0370473
vn -0.0852176 0.994976 -0.0525417
vn -0.0597576 0.9975 -0.0377245
vn -0.0854942 0.994876 -0.0539717
vn -0.0594056 0.997495 -0.0384076
vn -0.0856771 0.994782 -0.055393
vn -0.058994 0.997494 -0.0390699
vn -0.085855 0.994684 -0.0568592
vn -0.0585621 0.997492 -0.0397381
vn -0.0859298 0.994594 -0.0583088
vn -0.0580602 0.997496 -0.0403751
vn -0.0860168 0.994496 -0.0598162
vn -0.0575407 0.9975 -0.0410187
vn -0.08599 0.994408 -0.0612992
vn -0.0569749 0.997507 -0.041645
vn -0.0859146 0.994321 -0.0627981
vn -0.0563477 0.997517 -0.0422417
vn -0.0858304 0.99423 -0.0643437
vn -0.0557132 0.997527 -0.0428499
vn -0.0855959 0.994153 -0.0658331
vn -0.0550041 0.997542 -0.0434128
vn -0.0853763 0.994068 -0.0673844
vn -0.0542791 0.997557 -0.043978
vn -0.0850293 0.993994 -0.0688925
vn -0.0534892 0.997576 -0.0445017
vn -0.0846774 0.993915 -0.0704495
vn -0.0526824 0.997596 -0.0450243
vn -0.0841848 0.993849 -0.0719473
vn -0.0518234 0.997619 -0.0455111
vn -0.0836541 0.993783 -0.0734646
vn -0.0509254 0.997644 -0.0459726
vn -0.0830513 0.993721 -0.074974
vn -0.0500057 0.997669 -0.0464227
vn -0.0823158 0.993672 -0.0764176
vn -0.0490281 0.997699 -0.0468231
vn -0.0815661 0.993619 -0.0778976
vn -0.0480164 0.997731 -0.047196
vn -0.0807211 0.993574 -0.0793418
vn -0.0469893 0.997763 -0.0475574
vn -0.0797388 0.993544 -0.0807028
vn -0.045943 0.997795 -0.0478993
vn -0.078625 0.993528 -0.0819728
vn -0.0449965 0.997817 -0.0483457
vn -0.0770542 0.993584 -0.0827896
vn -0.0440689 0.997836 -0.0487968
vn -0.0753662 0.993658 -0.0834517
vn -0.0431446 0.997855 -0.0492315
vn -0.0736303 0.99374 -0.0840181
vn -0.0421899 0.997877 -0.0496086
vn -0.0719545 0.993813 -0.0846071
vn -0.041268 0.997896 -0.0500054
vn -0.070159 0.993907 -0.0850132
vn -0.0403302 0.997917 -0.0503574
vn -0.0683957 0.993996 -0.0854007
vn -0.0393816 0.997939 -0.0506713
vn -0.0666483 0.994085 -0.0857546
vn -0.0384588 0.997958 -0.0509952
vn -0.0648271 0.994187 -0.0859586
vn -0.0375031 0.997982 -0.051246
vn -0.0630958 0.994276 -0.086217
vn -0.0365859 0.998001 -0.0515258
vn -0.0612669 0.994385 -0.0862851
vn -0.0356598 0.998023 -0.051762
vn -0.0594724 0.99449 -0.0863272
vn -0.0347073 0.998048 -0.0519284
vn -0.057774 0.99458 -0.0864403
vn -0.0338124 0.998066 -0.0521564
vn -0.0559266 0.994701 -0.0862682
vn -0.0328748 0.998091 -0.0522806
vn -0.054236 0.994796 -0.0862512
vn -0.0319783 0.998112 -0.0524425
vn -0.0524559 0.994911 -0.0860245
vn -0.031058 0.998136 -0.0525276
vn -0.050779 0.99501 -0.0858811
vn -0.0301717 0.998158 -0.0526393
vn -0.0490444 0.995125 -0.0855659
vn -0.0292761 0.998181 -0.0526961
vn -0.0473814 0.995229 -0.0852851
vn -0.0284017 0.998203 -0.0527559
vn -0.0457081 0.99534 -0.0849024
vn -0.0275155 0.998228 -0.0527533
vn -0.0441111 0.995441 -0.0845709
vn -0.0266612 0.99825 -0.0527771
vn -0.0424809 0.995552 -0.0840927
vn -0.0258116 0.998273 -0.0527675
vn -0.0408954 0.99566 -0.0836037
vn -0.0249589 0.998298 -0.0527085
vn -0.0393731 0.995759 -0.0831488
vn -0.0241243 0.998322 -0.0526487
vn -0.0378572 0.995862 -0.0826192
vn -0.0233099 0.998344 -0.0525903
vn -0.0363511 0.995968 -0.0820132
vn -0.0224993 0.998368 -0.0524937
vn -0.0348976 0.996069 -0.0814206
vn -0.0216931 0.998393 -0.0523611
vn -0.0334928 0.996164 -0.0808424
vn -0.0209106 0.998415 -0.0522426
vn -0.0320895 0.996264 -0.0801716
vn -0.0201384 0.998439 -0.0521001
vn -0.0307261 0.996362 -0.0794915
vn -0.0193742 0.998463 -0.0519279
vn -0.0294086 0.996455 -0.0788226
vn -0.0186241 0.998487 -0.0517444
vn -0.0281177 0.996547 -0.0781213
vn -0.0178907 0.99851 -0.0515569
vn -0.0268529 0.99664 -0.0773836
vn -0.0171661 0.998534 -0.05134
vn -0.0256321 0.996728 -0.0766598
vn -0.0164565 0.998557 -0.0511152
vn -0.0244378 0.996816 -0.0759056
vn -0.0157591 0.998581 -0.0508722
vn -0.0232809 0.9969 -0.0751536
vn -0.015076 0.998604 -0.0506196
vn -0.0221523 0.996984 -0.0743791
vn -0.014409 0.998627 -0.0503628
vn -0.0210521 0.997067 -0.073582
vn -0.0137526 0.99865 -0.0500814
vn -0.0199916 0.997146 -0.0728014
vn -0.0131087 0.998674 -0.0497848
vn -0.0189626 0.997223 -0.0720174
vn -0.0124835 0.998696 -0.0494985
vn -0.017953 0.997302 -0.0711857
vn -0.0118657 0.99872 -0.0491724
vn -0.0169909 0.997373 -0.0704113
vn -0.0112624 0.998743 -0.0488428
vn -0.016053 0.997445 -0.0696191
vn -0.0106817 0.998764 -0.0485469
vn -0.0151239 0.99752 -0.068736
vn -0.0101015 0.998788 -0.0481709
vn -0.0142578 0.997584 -0.0679913
vn -0.00954341 0.99881 -0.0478385
vn -0.0133946 0.997653 -0.0671437
vn -0.00899481 0.998832 -0.0474728
vn -0.0125701 0.997718 -0.0663423
vn -0.00846229 0.998854 -0.0471167
vn -0.0117663 0.997782 -0.0655129
vn -0.00794427 0.998875 -0.0467586
vn -0.010987 0.997846 -0.0646678
vn -0.00742878 0.998899 -0.0463228
vn -0.0102575 0.9979 -0.0639616
vn -0.00694318 0.998917 -0.0460109
vn -0.00950866 0.997967 -0.0630118
vn -0.00645491 0.998941 -0.0455575
vn -0.0088297 0.998017 -0.0623184
vn -0.00598711 0.998961 -0.04518
vn -0.00814639 0.998075 -0.0614744
vn -0.00553286 0.998981 -0.0447966
vn -0.0074894 0.998132 -0.0606377
vn -0.00508671 0.999003 -0.0443624
vn -0.00686656 0.998182 -0.0598848
vn -0.00465514 0.999023 -0.0439572
vn -0.00625611 0.998234 -0.0590747
vn -0.00423501 0.999043 -0.0435366
vn -0.00567032 0.998284 -0.0582917
vn -0.00382625 0.999063 -0.0431077
vn -0.00510561 0.998331 -0.0575212
vn -0.00343134 0.999082 -0.0427061
vn -0.00455564 0.998381 -0.056699
vn -0.00304526 0.999103 -0.0422465
vn -0.00403489 0.998424 -0.0559756
vn -0.00267196 0.999121 -0.0418287
vn -0.00352507 0.99847 -0.055184
vn -0.0023101 0.99914 -0.0414004
vn -0.0030358 0.998514 -0.054406
vn -0.00195871 0.999159 -0.0409495
vn -0.0025672 0.998555 -0.0536708
vn -0.00161833 0.999177 -0.0405173
vn -0.00211318 0.998597 -0.0529065
vn -0.00128845 0.999196 -0.0400667
vn -0.00167774 0.998637 -0.0521724
vn -0.000968672 0.999215 -0.0396145
vn -0.00125798 0.998675 -0.0514461
vn -0.000659186 0.999232 -0.0391856
vn -0.000852569 0.998715 -0.0506813
vn -0.000360517 0.99925 -0.0387348
vn -0.000464976 0.998751 -0.0499581
vn -7.16092e-05 0.999267 -0.0382828
vn -9.21055e-05 0.998787 -0.0492402
vn 0.000207598 0.999285 -0.0378103
vn 0.000266623 0.99882 -0.0485607
vn 0.000478876 0.999301 -0.0373756
vn 0.000612737 0.998856 -0.0478233
vn 0.00073989 0.999317 -0.0369387
vn 0.000943272 0.99889 -0.0470925
vn 0.000989763 0.999335 -0.03646
vn 0.0012606 0.99892 -0.0464371
vn 0.00123349 0.99935 -0.036026
vn 0.00156515 0.998953 -0.0457124
vn 0.00146496 0.999367 -0.0355339
vn 0.00185897 0.998981 -0.0450908
vn 0.0016938 0.999381 -0.0351252
vn 0.00213787 0.999014 -0.044334
vn 0.00190727 0.999398 -0.0346365
vn 0.00240721 0.999041 -0.0437154
vn 0.00211749 0.999413 -0.0342012
vn 0.00266325 0.999071 -0.0430161
vn 0.00231664 0.999428 -0.0337389
vn 0.00290902 0.999098 -0.0423662
vn 0.00250856 0.999443 -0.0332822
vn 0.00314406 0.999125 -0.0417136
vn 0.00269216 0.999458 -0.0328188
vn 0.00336929 0.99915 -0.0410734
vn 0.00286976 0.999472 -0.032371
vn 0.00358323 0.999176 -0.0404189
vn 0.00303844 0.999486 -0.0319129
vn 0.00378789 0.999201 -0.0397845
vn 0.00320004 0.9995 -0.031457
vn 0.00398301 0.999225 -0.0391538
vn 0.0033552 0.999514 -0.0310085
vn 0.00416764 0.999249 -0.038517
vn 0.00350202 0.999527 -0.0305525
vn 0.00434381 0.999272 -0.0378965
vn 0.00364141 0.999541 -0.0300928
vn 0.00451221 0.999294 -0.0372891
vn 0.0037753 0.999553 -0.0296417
vn 0.00467082 0.999316 -0.0366728
vn 0.00390289 0.999566 -0.0291955
vn 0.00482022 0.999338 -0.0360575
vn 0.00402166 0.999579 -0.0287362
vn 0.00496307 0.999359 -0.0354629
vn 0.00413529 0.999591 -0.0282848
vn 0.00509772 0.999379 -0.0348677
vn 0.00424219 0.999604 -0.0278314
vn 0.00522463 0.999399 -0.0342768
vn 0.00434452 0.999615 -0.0273889
vn 0.00534157 0.999419 -0.0336745
vn 0.00443882 0.999627 -0.0269385
vn 0.00545285 0.999437 -0.0330925
vn 0.00452444 0.999639 -0.0264732
vn 0.00556057 0.999455 -0.0325357
vn 0.00461033 0.99965 -0.0260391
vn 0.00565425 0.999474 -0.0319352
vn 0.00468614 0.999662 -0.0255874
vn 0.00574528 0.999491 -0.0313706
vn 0.00475782 0.999672 -0.0251439
vn 0.00582702 0.999509 -0.0307944
vn 0.0048212 0.999683 -0.0246891
vn 0.00590582 0.999525 -0.0302434
vn 0.00488135 0.999694 -0.0242446
vn 0.0059746 0.999542 -0.0296746
vn 0.00493483 0.999705 -0.0237965
vn 0.00603959 0.999558 -0.0291239
vn 0.00498319 0.999715 -0.0233498
vn 0.00609722 0.999573 -0.0285698
vn 0.0050256 0.999725 -0.0229011
vn 0.00615117 0.999588 -0.0280302
vn 0.00506466 0.999735 -0.0224605
vn 0.00619954 0.999603 -0.0274934
vn 0.00509937 0.999744 -0.0220236
vn 0.00624185 0.999617 -0.0269578
vn 0.00512784 0.999754 -0.0215826
vn 0.0062828 0.999631 -0.0264437
vn 0.00515382 0.999763 -0.0211506
vn 0.00631727 0.999644 -0.0259252
vn 0.00517964 0.999771 -0.0207377
vn 0.00634183 0.999657 -0.0253908
vn 0.00519259 0.99978 -0.0202967
vn 0.00637293 0.999669 -0.0249104
vn 0.00520858 0.999789 -0.0198821
vn 0.00639202 0.999682 -0.0243995
vn 0.00522153 0.999797 -0.0194752
vn 0.00640542 0.999694 -0.0238909
vn 0.0052248 0.999805 -0.0190518
vn 0.00642176 0.999705 -0.0234164
vn 0.0052331 0.999812 -0.0186609
vn 0.00642345 0.999717 -0.0229056
vn 0.00522535 0.99982 -0.0182331
vn 0.00643755 0.999727 -0.0224629
vn 0.00522934 0.999827 -0.0178566
vn 0.00642964 0.999738 -0.0219553
vn 0.00522015 0.999834 -0.0174551
vn 0.00642775 0.999748 -0.0214931
vn 0.0052069 0.999841 -0.017054
vn 0.00642488 0.999758 -0.0210433
vn 0.00519719 0.999847 -0.0166769
vn 0.00641031 0.999768 -0.0205696
vn 0.00517892 0.999854 -0.0162883
vn 0.00639919 0.999777 -0.0201262
vn 0.00516133 0.99986 -0.0159141
vn 0.00637853 0.999786 -0.0196671
vn 0.00513642 0.999866 -0.0155317
vn 0.00636143 0.999795 -0.019236
vn 0.00511418 0.999872 -0.0151687
vn 0.00633456 0.999803 -0.0187884
vn 0.00508448 0.999878 -0.0147973
vn 0.00630867 0.999812 -0.0183601
vn 0.00505488 0.999883 -0.0144376
vn 0.00627722 0.99982 -0.0179288
vn 0.00501884 0.999888 -0.0140718
vn 0.00624747 0.999827 -0.0175166
vn 0.00498524 0.999893 -0.013723
vn 0.00620834 0.999835 -0.0170898
vn 0.00494826 0.999898 -0.0133768
vn 0.00616792 0.999842 -0.016674
vn 0.00490186 0.999903 -0.0130168
vn 0.00613283 0.999848 -0.0162856
vn 0.00486206 0.999908 -0.0126826
vn 0.00608511 0.999856 -0.0158729
vn 0.00481604 0.999912 -0.0123436
vn 0.00603663 0.999862 -0.015472
vn 0.00476815 0.999917 -0.01201
vn 0.00598847 0.999868 -0.0150837
vn 0.00471725 0.999921 -0.0116783
vn 0.00593748 0.999874 -0.0146992
vn 0.00466643 0.999925 -0.0113561
vn 0.00588029 0.99988 -0.01431
vn 0.0046092 0.999929 -0.0110281
vn 0.00582803 0.999886 -0.0139443
vn 0.00455535 0.999932 -0.0107162
vn 0.00576545 0.999891 -0.0135629
vn 0.00449547 0.999936 -0.0103998
vn 0.00570648 0.999897 -0.0132013
vn 0.00443582 0.999939 -0.010092
vn 0.00564231 0.999902 -0.0128369
vn 0.00437338 0.999943 -0.00978651
vn 0.0055768 0.999907 -0.0124794
vn 0.00430911 0.999946 -0.00948506
vn 0.00551023 0.999911 -0.0121289
vn 0.00424296 0.999949 -0.00918739
vn 0.00544192 0.999916 -0.0117835
vn 0.00417868 0.999952 -0.00890135
vn 0.00536437 0.99992 -0.0114271
vn 0.00410591 0.999954 -0.00860595
vn 0.00529717 0.999924 -0.0111028
vn 0.00403713 0.999957 -0.00832537
vn 0.00522083 0.999928 -0.0107664
vn 0.00396528 0.99996 -0.00804609
vn 0.00514169 0.999932 -0.0104332
vn 0.00389067 0.999962 -0.00776866
vn 0.00506653 0.999936 -0.0101166
vn 0.00381842 0.999965 -0.00750251
vn 0.00498153 0.99994 -0.0097878
vn 0.00373887 0.999967 -0.00722963
vn 0.0049047 0.999943 -0.00948392
vn 0.00366254 0.999969 -0.00696899
vn 0.00482018 0.999946 -0.00917172
vn 0.00358759 0.999971 -0.00671769
vn 0.00472921 0.99995 -0.00885534
vn 0.00350331 0.999973 -0.00645628
vn 0.00464939 0.999952 -0.0085684
vn 0.00342439 0.999975 -0.00621021
vn 0.00455891 0.999955 -0.00826768
vn 0.00334328 0.999977 -0.00596673
vn 0.00446994 0.999958 -0.00797747
vn 0.00325902 0.999978 -0.00572382
vn 0.00437984 0.999961 -0.00769231
vn 0.00317784 0.99998 -0.00549214
vn 0.0042841 0.999963 -0.00740403
vn 0.00309222 0.999981 -0.00525912
vn 0.0041949 0.999966 -0.00713451
vn 0.00300818 0.999983 -0.00503421
vn 0.00409699 0.999968 -0.00685633
vn 0.00292116 0.999984 -0.00481031
vn 0.0040047 0.99997 -0.00659458
vn 0.00283451 0.999985 -0.00459234
vn 0.00390727 0.999972 -0.00633039
vn 0.00275014 0.999987 -0.00438354
vn 0.00380664 0.999974 -0.00606753
vn 0.00265968 0.999988 -0.00417078
vn 0.00371292 0.999976 -0.00582241
vn 0.00257346 0.999989 -0.00396949
vn 0.00360891 0.999978 -0.00556665
vn 0.00248743 0.99999 -0.00377395
vn 0.00350716 0.99998 -0.00532109
vn 0.00239585 0.999991 -0.00357531
vn 0.0034101 0.999981 -0.00508887
vn 0.00231039 0.999992 -0.00339038
vn 0.00330458 0.999983 -0.0048493
vn 0.00222087 0.999992 -0.00320472
vn 0.00320323 0.999984 -0.00462226
vn 0.00213332 0.999993 -0.00302657
vn 0.00309776 0.999986 -0.00439485
vn 0.00204358 0.999994 -0.00285021
vn 0.00299437 0.999987 -0.00417629
vn 0.0019575 0.999994 -0.00268345
vn 0.00288944 0.999988 -0.003961
vn 0.00186883 0.999995 -0.0025178
vn 0.00278334 0.999989 -0.00374988
vn 0.00178146 0.999996 -0.00235836
vn 0.00267767 0.99999 -0.00354478
vn 0.00169552 0.999996 -0.00220516
vn 0.00257133 0.999991 -0.00334422
vn 0.00160903 0.999997 -0.00205558
vn 0.00246506 0.999992 -0.00314918
vn 0.00152352 0.999997 -0.00191142
vn 0.00235836 0.999993 -0.00295883
vn 0.00144044 0.999997 -0.00177439
vn 0.00224827 0.999994 -0.00276951
vn 0.00135449 0.999998 -0.00163803
vn 0.0021492 0.999994 -0.00259909
vn 0.00127383 0.999998 -0.00151166
vn 0.00203316 0.999995 -0.00241275
vn 0.0011935 0.999998 -0.00138979
vn 0.00193163 0.999996 -0.00224931
vn 0.00111136 0.999999 -0.00126945
vn 0.00182348 0.999996 -0.00208288
vn 0.0010353 0.999999 -0.00115966
vn 0.00171876 0.999997 -0.00192521
vn 0.000956862 0.999999 -0.00105076
vn 0.00161407 0.999997 -0.00177247
vn 0.000882409 0.999999 -0.000949614
vn 0.00150619 0.999998 -0.0016209
vn 0.000810253 0.999999 -0.000854309
vn 0.00140362 0.999998 -0.00147994
vn 0.000737431 0.999999 -0.000761523
vn 0.00130151 0.999998 -0.00134404
vn 0.000669819 1 -0.00067714
vn 0.00119775 0.999999 -0.00121084
vn 0.000603139 1 -0.000596729
vn 0.00110058 0.999999 -0.00108888
vn 0.00053928 1 -0.000521897
vn 0.000998402 0.999999 -0.000966219
vn 0.00047829 1 -0.000452617
vn 0.000904593 0.999999 -0.000856037
vn 0.000419029 1 -0.000387534
vn 0.000808629 0.999999 -0.000747851
vn 0.000365261 1 -0.000329968
vn 0.000716395 1 -0.000647174
vn 0.000311517 1 -0.00027478
vn 0.000627193 1 -0.000553229
vn 0.000263747 1 -0.000226994
vn 0.000542429 1 -0.000466843
vn 0.000218228 1 -0.000183156
vn 0.000459315 1 -0.000385497
vn 0.000176077 1 -0.000144021
vn 0.000379751 1 -0.000310615
vn 0.000139787 1 -0.000111356
vn 0.000309444 1 -0.000246506
vn 0.000105911 1 -8.21098e-05
vn 0.000240745 1 -0.000186642
vn 7.58843e-05 1 -5.72118e-05
vn 0.000177854 1 -0.00013409
vn 5.19326e-05 1 -3.80426e-05
vn 0.000125308 1 -9.17926e-05
vn 3.22557e-05 1 -2.29381e-05
vn 8.02659e-05 1 -5.70798e-05
vn 1.60415e-05 1 -1.10641e-05
vn 4.12875e-05 1 -2.84766e-05
vn 5.88879e-06 1 -3.93516e-06
vn 1.57005e-05 1 -1.04917e-05
vn 1.48696e-06 1 -9.61652e-07
vn 4.09946e-06 1 -2.65121e-06
vn -0 1 0
vn -0 1 0
vn -0 1 0
vn -0 1 0
vn -0 1 0
vn -0 1 0
vn -0 1 0
vn -0 1 0
vn -0 1 0
vn -0 1 0
vn 1.05409e-06 1 -5.46724e-07
vn 3.51777e-06 1 -1.82456e-06
vn -1.59467e-06 1 7.93516e-07
vn -5.5195e-06 1 2.74653e-06
vn 5.36573e-07 1 -2.55717e-07
vn 1.91703e-06 1 -9.13608e-07
vn -0 1 0
vn -0 1 0
vn -5.44902e-07 1 2.36901e-07
vn -2.10006e-06 1 9.13023e-07
vn 5.49849e-07 1 -2.27575e-07
vn 2.18298e-06 1 -9.03506e-07
vn -0 1 0
vn -0 1 0
vn -5.57845e-07 1 2.07719e-07
vn -2.38109e-06 1 8.86622e-07
vn 1.68208e-06 1 -5.91604e-07
vn 7.50904e-06 1 -2.641e-06
vn -1.12913e-06 1 3.73766e-07
vn -5.21311e-06 1 1.72565e-06
vn -0 1 0
vn -0 1 0
vn -5.70926e-07 1 1.65461e-07
vn -2.84133e-06 1 8.23448e-07
vn 1.72117e-06 1 -4.63411e-07
vn 8.89879e-06 1 -2.39592e-06
vn -1.731e-06 1 4.30468e-07
vn -9.22476e-06 1 2.29403e-06
vn 5.78834e-07 1 -1.32083e-07
vn 3.22089e-06 1 -7.34969e-07
vn -0 1 0
vn -0 1 0
vn -0 1 0
vn -0 1 0
vn -0 1 0
vn -0 1 0
vn -5.86987e-07 1 8.58235e-08
vn -3.72082e-06 1 5.44022e-07
vn 5.89045e-07 1 -7.40353e-08
vn 3.81609e-06 1 -4.79633e-07
vn -0 1 0
vn -0 1 0
vn -0 1 0
vn -0 1 0
vn 1.18559e-06 1 -7.61076e-08
vn 8.19658e-06 1 -5.26171e-07
vn -1.77893e-06 1 7.77341e-08
vn -1.26055e-05 1 5.50825e-07
vn -0 1 0
vn -0 1 0
vn 0 1 0
vn -0 1 0
vn 0 1 -0
vn -0 1 -0
vn 5.94258e-07 1 2.2964e-08
vn 4.34311e-06 1 1.67832e-07
vn 0 1 -0
vn 0 1 -0
vn -5.93426e-07 1 -4.74806e-08
vn -4.32474e-06 1 -3.46026e-07
vn 5.92183e-07 1 5.96615e-08
vn 4.31779e-06 1 4.35011e-07
vn -5.91983e-07 1 -7.19726e-08
vn -4.22779e-06 1 -5.1401e-07
vn 5.90776e-07 1 8.41283e-08
vn 4.16752e-06 1 5.93468e-07
vn 1.17788e-06 1 1.9234e-07
vn 8.22588e-06 1 1.34323e-06
vn -1.17565e-06 1 -2.16656e-07
vn -8.00141e-06 1 -1.47455e-06
vn 0 1 -0
vn 0 1 -0
vn 1.16581e-06 1 2.63879e-07
vn 7.68968e-06 1 1.74055e-06
vn -1.16497e-06 1 -2.8848e-07
vn -7.31124e-06 1 -1.81046e-06
vn 0 1 -0
vn 0 1 -0
vn 1.15406e-06 1 3.34909e-07
vn 6.87126e-06 1 1.99404e-06
vn -1.15001e-06 1 -3.58383e-07
vn -6.57429e-06 1 -2.04877e-06
vn 0 1 -0
vn 0 1 -0
vn 0 1 -0
vn 0 1 -0
vn 0 1 -0
vn 0 1 -0
vn 0 1 -0
vn 0 1 -0
vn 0 1 -0
vn 0 1 -0
vn 0 1 -0
vn 0 1 -0
vn -5.49637e-07 1 -2.55336e-07
vn -2.47897e-06 1 -1.15162e-06
vn 5.45681e-07 1 2.65695e-07
vn 2.36759e-06 1 1.15279e-06
vn -5.41228e-07 1 -2.75682e-07
vn -2.26665e-06 1 -1.15455e-06
vn 5.3714e-07 1 2.85744e-07
vn 2.16145e-06 1 1.14983e-06
vn 0 1 -0
vn 0 1 -0
vn 0 1 -0
vn 0 1 -0
vn 0 1 -0
vn 0 1 -0
vn 0 1 -0
vn 0 1 -0
vn 0 1 -0
vn 0 1 -0
vn -5.0616e-07 1 -3.39595e-07
vn -1.66992e-06 1 -1.12039e-06
vn 5.00856e-07 1 3.47953e-07
vn 1.59733e-06 1 1.10969e-06
vn 0 1 -0
vn 0 1 -0
vn 0 1 -0
vn 0 1 -0
vn 0 1 -0
vn 0 1 -0
vn 9.55279e-07 1 7.5641e-07
vn 2.70248e-06 1 2.13988e-06
vn -9.42642e-07 1 -7.69782e-07
vn -2.59826e-06 1 -2.1218e-06
vn 0 1 -0
vn 0 1 -0
vn 0 1 -0
vn 0 1 -0
vn 9.06718e-07 1 8.09276e-07
vn 2.29586e-06 1 2.04913e-06
vn -8.92309e-07 1 -8.1936e-07
vn -2.21912e-06 1 -2.0377e-06
vn 0 1 -0
vn 0 1 -0
vn 8.67686e-07 1 8.42268e-07
vn 2.04837e-06 1 1.98836e-06
vn -8.54683e-07 1 -8.52406e-07
vn -1.97222e-06 1 -1.96697e-06
vn 0 1 -0
vn 0 1 -0
vn -4.14739e-07 1 -4.36095e-07
vn -9.13059e-07 1 -9.60077e-07
vn 4.0771e-07 1 4.39906e-07
vn 8.82452e-07 1 9.52137e-07
vn 0 1 -0
vn 0 1 -0
vn 0 1 -0
vn 0 1 -0
vn 7.76642e-07 1 9.03719e-07
vn 1.58129e-06 1 1.84002e-06
vn -7.63724e-07 1 -9.10791e-07
vn -1.52537e-06 1 -1.81911e-06
vn 0 1 -0
vn 0 1 -0
vn 0 1 -0
vn 0 1 -0
vn 0 1 -0
vn 0 1 -0
vn 0 1 -0
vn 0 1 -0
vn 0 1 -0
vn 0 1 -0
vn 0 1 -0
vn 0 1 -0
vn 0 1 -0
vn 0 1 -0
vn 0 1 -0
vn 0 1 -0
vn 0 1 -0
vn 0 1 -0
vn 0 1 -0
vn 0 1 -0
vn 0 1 -0
vn 0 1 -0
vn 0 1 -0
vn 0 1 -0
vn 0 1 -0
vn 0 1 -0
vn 0 1 -0
vn 0 1 -0
vn 0 1 -0
vn 0 1 -0
vn 0 1 -0
vn 0 1 -0
vn 0 1 -0
vn 0 1 -0
vn 0 1 -0
vn 0 1 -0
vn 0 1 -0
vn 0 1 -0
vn 0 1 -0
vn 0 1 -0
vn 0 1 -0
vn 0 1 -0
vn 0 1 -0
vn 0 1 -0
vn 0 1 -0
vn 0 1 -0
vn 4.93341e-07 1 9.95425e-07
vn 6.78919e-07 1 1.36987e-06
vn -7.29404e-07 1 -1.49794e-06
vn -9.87163e-07 1 -2.02728e-06
vn 2.39701e-07 1 5.00722e-07
vn 3.19378e-07 1 6.67163e-07
vn 0 1 -0
vn 0 1 -0
vn -2.33262e-07 1 -5.03303e-07
vn -3.01818e-07 1 -6.51225e-07
vn 2.30212e-07 1 5.04383e-07
vn 2.93927e-07 1 6.4398e-07
vn 0 1 -0
vn 0 1 -0
vn -2.24532e-07 1 -5.06397e-07
vn -2.79562e-07 1 -6.3051e-07
vn 6.65816e-07 1 1.52232e-06
vn 8.18886e-07 1 1.8723e-06
vn -4.38751e-07 1 -1.01639e-06
vn -5.33861e-07 1 -1.23672e-06
vn 0 1 -0
vn 0 1 -0
vn -2.14809e-07 1 -5.10024e-07
vn -2.55717e-07 1 -6.07152e-07
vn 6.38124e-07 1 1.53265e-06
vn 7.51897e-07 1 1.80591e-06
vn -6.31951e-07 1 -1.53458e-06
vn -7.37971e-07 1 -1.79203e-06
vn 2.08929e-07 1 5.12706e-07
vn 2.4133e-07 1 5.92217e-07
vn 0 1 -0
vn 0 1 -0
vn 0 1 -0
vn 0 1 -0
vn 0 1 -0
vn 0 1 -0
vn -2.02676e-07 1 -5.15919e-07
vn -2.26279e-07 1 -5.76003e-07
vn 2.01423e-07 1 5.16782e-07
vn 2.2312e-07 1 5.72449e-07
vn 0 1 -0
vn 0 1 -0
vn 0 1 -0
vn 0 1 -0
vn 3.96969e-07 1 1.03968e-06
vn 4.29514e-07 1 1.12492e-06
vn -5.93158e-07 1 -1.56256e-06
vn -6.37241e-07 1 -1.67869e-06
vn 0 1 -0
vn 0 1 -0
vn 0 1 -0
vn 0 1 -0
vn 0 1 -0
vn 0 1 -0
vn 1.9596e-07 1 5.2575e-07
vn 2.04679e-07 1 5.49143e-07
vn 0 1 -0
vn 0 1 -0
vn -1.95823e-07 1 -5.28605e-07
vn -2.01791e-07 1 -5.44716e-07
vn 1.95948e-07 1 5.30156e-07
vn 2.00576e-07 1 5.42676e-07
vn -1.96189e-07 1 -5.31754e-07
vn -1.99522e-07 1 -5.40786e-07
vn 1.96571e-07 1 5.33476e-07
vn 1.98599e-07 1 5.3898e-07
vn 3.94216e-07 1 1.07071e-06
vn 3.95566e-07 1 1.07438e-06
vn -3.95511e-07 1 -1.07451e-06
vn -3.9429e-07 1 -1.07119e-06
vn 0 1 -0
vn 0 1 -0
vn 3.98988e-07 1 1.08288e-06
vn 3.92479e-07 1 1.06522e-06
vn -4.01116e-07 1 -1.08729e-06
vn -3.92005e-07 1 -1.0626e-06
vn 0 1 -0
vn 0 1 -0
vn 4.06396e-07 1 1.09717e-06
vn 3.9172e-07 1 1.05755e-06
vn -4.09468e-07 1 -1.10239e-06
vn -3.91984e-07 1 -1.05531e-06
vn 0 1 -0
vn 0 1 -0
vn 0 1 -0
vn 0 1 -0
vn 0 1 -0
vn 0 1 -0
vn 0 1 -0
vn 0 1 -0
vn 0 1 -0
vn 0 1 -0
vn 0 1 -0
vn 0 1 -0
vn -2.20535e-07 1 -5.73928e-07
vn -2.0034e-07 1 -5.21372e-07
vn 2.23581e-07 1 5.77836e-07
vn 2.01467e-07 1 5.20682e-07
vn -2.26853e-07 1 -5.81941e-07
vn -2.02716e-07 1 -5.20023e-07
vn 2.30407e-07 1 5.86365e-07
vn 2.04056e-07 1 5.19305e-07
vn 0 1 -0
vn 0 1 -0
vn 0 1 -0
vn 0 1 -0
vn 0 1 -0
vn 0 1 -0
vn 0 1 -0
vn 0 1 -0
vn 0 1 -0
vn 0 1 -0
vn -2.57396e-07 1 -6.17403e-07
vn -2.14963e-07 1 -5.1562e-07
vn 2.63118e-07 1 6.2376e-07
vn 2.17166e-07 1 5.14825e-07
vn 0 1 -0
vn 0 1 -0
vn 0 1 -0
vn 0 1 -0
vn 0 1 -0
vn 0 1 -0
vn 5.79871e-07 1 1.30404e-06
vn 4.55098e-07 1 1.02344e-06
vn -5.9568e-07 1 -1.32015e-06
vn -4.6095e-07 1 -1.02156e-06
vn 0 1 -0
vn 0 1 -0
vn 0 1 -0
vn 0 1 -0
vn 6.50433e-07 1 1.3747e-06
vn 4.80079e-07 1 1.01466e-06
vn -6.71172e-07 1 -1.39457e-06
vn -4.87129e-07 1 -1.01216e-06
vn 0 1 -0
vn 0 1 -0
vn 7.18028e-07 1 1.43923e-06
vn 5.01771e-07 1 1.00576e-06
vn -7.44486e-07 1 -1.46428e-06
vn -5.09356e-07 1 -1.00182e-06
vn 0 1 -0
vn 0 1 -0
vn -4.01607e-07 1 -7.58985e-07
vn -2.62833e-07 1 -4.9672e-07
vn 4.18226e-07 1 7.73979e-07
vn 2.6707e-07 1 4.94247e-07
vn 0 1 -0
vn 0 1 -0
vn 0 1 -0
vn 0 1 -0
vn 9.54612e-07 1 1.65164e-06
vn 5.61051e-07 1 9.70713e-07
vn -1.00163e-06 1 -1.69199e-06
vn -5.7042e-07 1 -9.63571e-07
vn 0 1 -0
vn 0 1 -0
vn 0 1 -0
vn 0 1 -0
vn 0 1 -0
vn 0 1 -0
vn 0 1 -0
vn 0 1 -0
vn 0 1 -0
vn 0 1 -0
vn 0 1 -0
vn 0 1 -0
vn 0 1 -0
vn 0 1 -0
vn 0 1 -0
vn 0 1 -0
vn 0 1 -0
vn 0 1 -0
vn 0 1 -0
vn 0 1 -0
vn 0 1 -0
vn 0 1 -0
vn 0 1 -0
vn 0 1 -0
vn 0 1 -0
vn 0 1 -0
vn 0 1 -0
vn 0 1 -0
vn 0 1 -0
vn 0 1 -0
vn 0 1 -0
vn 0 1 -0
vn 0 1 -0
vn 0 1 -0
vn 0 1 -0
vn 0 1 -0
vn 0 1 -0
vn 0 1 -0
vn 0 1 -0
vn 0 1 -0
vn 0 1 -0
vn 0 1 -0
vn 0 1 -0
vn 0 1 -0
vn 0 1 -0
vn 0 1 -0
vn 9.66751e-06 1 6.57841e-06
vn 8.44888e-07 1 5.74917e-07
vn -1.62503e-05 1 -1.04652e-05
vn -1.29048e-06 1 -8.31071e-07
vn 6.05667e-06 1 3.68517e-06
vn 4.37738e-07 1 2.66341e-07
vn 0 1 -0
vn 0 1 -0
vn -7.44624e-06 1 -4.02057e-06
vn -4.52516e-07 1 -2.44334e-07
vn 8.12995e-06 1 4.12125e-06
vn 4.5976e-07 1 2.33062e-07
vn 0 1 -0
vn 0 1 -0
vn -9.37899e-06 1 -4.1567e-06
vn -4.73608e-07 1 -2.099e-07
vn 2.94046e-05 1 1.21269e-05
vn 1.44108e-06 1 5.94326e-07
vn -2.01395e-05 1 -7.70008e-06
vn -9.73787e-07 1 -3.72315e-07
vn 0 1 -0
vn 0 1 -0
vn -1.00182e-05 1 -3.24732e-06
vn -4.99477e-07 1 -1.61902e-07
vn 2.92268e-05 1 8.65084e-06
vn 1.51636e-06 1 4.48826e-07
vn -2.80102e-05 1 -7.5187e-06
vn -1.53366e-06 1 -4.11675e-07
vn 8.79221e-06 1 2.12273e-06
vn 5.16942e-07 1 1.24807e-07
vn 0 1 -0
vn 0 1 -0
vn 0 1 -0
vn 0 1 -0
vn 0 1 -0
vn 0 1 -0
vn -6.5699e-06 1 -9.11951e-07
vn -5.37081e-07 1 -7.45508e-08
vn 6.05336e-06 1 6.92418e-07
vn 5.41612e-07 1 6.19527e-08
vn 0 1 -0
vn 0 1 -0
vn 0 1 -0
vn 0 1 -0
vn 9.52921e-06 1 4.17779e-07
vn 1.10714e-06 1 4.85392e-08
vn -1.3258e-05 1 -2.8079e-07
vn -1.67082e-06 1 -3.53864e-08
vn 0 1 0
vn -0 1 0
vn 0 1 0
vn -0 1 0
vn -0 1 0
vn -0 1 0
vn 3.32438e-06 1 -2.181e-07
vn 5.68179e-07 1 -3.72762e-08
vn -0 1 0
vn -0 1 0
vn -2.92956e-06 1 3.12996e-07
vn -5.72035e-07 1 6.11166e-08
vn 2.75677e-06 1 -3.50015e-07
vn 5.73674e-07 1 -7.28368e-08
vn -2.60586e-06 1 3.82451e-07
vn -5.74773e-07 1 8.43569e-08
vn 2.46265e-06 1 -4.09477e-07
vn 5.75905e-07 1 -9.57584e-08
vn 4.66837e-06 1 -8.65871e-07
vn 1.15333e-06 1 -2.13916e-07
vn -4.44012e-06 1 9.07512e-07
vn -1.15393e-06 1 2.3585e-07
vn -0 1 0
vn -0 1 0
vn 4.02768e-06 1 -9.72307e-07
vn 1.15441e-06 1 -2.78681e-07
vn -3.84513e-06 1 9.97915e-07
vn -1.15403e-06 1 2.99502e-07
vn -0 1 0
vn -0 1 0
vn 3.52685e-06 1 -1.04047e-06
vn 1.15141e-06 1 -3.39681e-07
vn -3.38325e-06 1 1.05696e-06
vn -1.14968e-06 1 3.59169e-07
vn -0 1 0
vn -0 1 0
vn -0 1 0
vn -0 1 0
vn -0 1 0
vn -0 1 0
vn -0 1 0
vn -0 1 0
vn -0 1 0
vn -0 1 0
vn -0 1 0
vn -0 1 0
vn -1.316e-06 1 5.63546e-07
vn -5.62898e-07 1 2.41048e-07
vn 1.27501e-06 1 -5.66122e-07
vn 5.60621e-07 1 -2.48923e-07
vn -1.23733e-06 1 5.68705e-07
vn -5.58062e-07 1 2.56498e-07
vn 1.20118e-06 1 -5.70657e-07
vn 5.55516e-07 1 -2.63914e-07
vn -0 1 0
vn -0 1 0
vn -0 1 0
vn -0 1 0
vn -0 1 0
vn -0 1 0
vn -0 1 0
vn -0 1 0
vn -0 1 0
vn -0 1 0
vn -1.02436e-06 1 5.78415e-07
vn -5.37962e-07 1 3.03764e-07
vn 9.99561e-07 1 -5.78879e-07
vn 5.34936e-07 1 -3.09799e-07
vn -0 1 0
vn -0 1 0
vn -0 1 0
vn -0 1 0
vn -0 1 0
vn -0 1 0
vn 1.82783e-06 1 -1.16222e-06
vn 1.04362e-06 1 -6.63576e-07
vn -1.79047e-06 1 1.16337e-06
vn -1.03672e-06 1 6.7362e-07
vn -0 1 0
vn -0 1 0
vn -0 1 0
vn -0 1 0
vn 1.68585e-06 1 -1.1649e-06
vn 1.0167e-06 1 -7.02522e-07
vn -1.65573e-06 1 1.16653e-06
vn -1.00939e-06 1 7.11153e-07
vn -0 1 0
vn -0 1 0
vn 1.59654e-06 1 -1.16781e-06
vn 9.95775e-07 1 -7.28376e-07
vn -1.56802e-06 1 1.16793e-06
vn -9.89269e-07 1 7.36848e-07
vn -0 1 0
vn -0 1 0
vn -7.5835e-07 1 5.84978e-07
vn -4.87714e-07 1 3.76214e-07
vn 7.45973e-07 1 -5.85277e-07
vn 4.84396e-07 1 -3.80049e-07
vn -0 1 0
vn -0 1 0
vn -0 1 0
vn -0 1 0
vn 1.42458e-06 1 -1.17372e-06
vn 9.48624e-07 1 -7.81575e-07
vn -1.40433e-06 1 1.17534e-06
vn -9.4177e-07 1 7.88204e-07
vn -0 1 0
vn -0 1 0
vn -0 1 0
vn -0 1 0
vn -0 1 0
vn -0 1 0
vn -0 1 0
vn -0 1 0
vn -0 1 0
vn -0 1 0
vn -0 1 0
vn -0 1 0
vn -0 1 0
vn -0 1 0
vn -0 1 0
vn -0 1 0
vn -0 1 0
vn -0 1 0
vn -0 1 0
vn -0 1 0
vn -0 1 0
vn -0 1 0
vn -0 1 0
vn -0 1 0
vn -0 1 0
vn -0 1 0
vn -0 1 0
vn -0 1 0
vn -0 1 0
vn -0 1 0
vn -0 1 0
vn -0 1 0
vn -0 1 0
vn -0 1 0
vn -0 1 0
vn -0 1 0
vn -1.6789e-06 1 1.82182e-06
vn -1.24465e-06 1 1.3506e-06
vn -1.21374e-05 1 1.33301e-05
vn -9.10394e-06 1 9.99855e-06
vn -3.21337e-05 1 3.5703e-05
vn -2.43372e-05 1 2.70406e-05
vn -6.18196e-05 1 6.94626e-05
vn -4.73146e-05 1 5.31643e-05
vn -0.00010029 1 0.000113918
vn -7.7588e-05 1 8.81308e-05
vn -0.000147332 1 0.000169107
vn -0.00011507 1 0.000132077
vn -0.000206133 1 0.000238993
vn -0.00016269 1 0.000188625
vn -0.000268893 1 0.000314787
vn -0.000214145 1 0.000250695
vn -0.000340693 1 0.000402578
vn -0.000274176 1 0.000323978
vn -0.000422659 1 0.000503906
vn -0.000343374 1 0.00040938
vn -0.000509027 1 0.000612086
vn -0.000417302 1 0.00050179
vn -0.000605816 1 0.000734462
vn -0.000501493 1 0.000607986
vn -0.000708266 0.999999 0.000865398
vn -0.000591708 1 0.000722982
vn -0.000817056 0.999999 0.00100578
vn -0.000688955 0.999999 0.000848091
vn -0.000935516 0.999999 0.00115977
vn -0.000796116 0.999999 0.000986958
vn -0.00105912 0.999999 0.00132184
vn -0.000908982 0.999999 0.00113446
vn -0.00119036 0.999998 0.0014951
vn -0.00103182 0.999999 0.00129597
vn -0.00132769 0.999998 0.00167754
vn -0.00116063 0.999998 0.00146647
vn -0.00147394 0.999997 0.0018728
vn -0.00129936 0.999998 0.00165099
vn -0.00162433 0.999997 0.00207477
vn -0.00144586 0.999997 0.00184682
vn -0.0017832 0.999996 0.0022888
vn -0.00160153 0.999997 0.00205562
vn -0.00194865 0.999995 0.00251241
vn -0.00176345 0.999996 0.00227362
vn -0.00212051 0.999994 0.00274542
vn -0.00193814 0.999995 0.00250931
vn -0.00230078 0.999993 0.00299003
vn -0.00212059 0.999994 0.00275586
vn -0.00248537 0.999992 0.00324095
vn -0.00231196 0.999993 0.00301482
vn -0.00267965 0.99999 0.00350486
vn -0.00251466 0.999991 0.00328906
vn -0.0028816 0.999989 0.00377902
vn -0.00272503 0.99999 0.00357369
vn -0.00308616 0.999987 0.00405673
vn -0.00295039 0.999988 0.00387827
vn -0.00330452 0.999985 0.00435192
vn -0.00318419 0.999986 0.00419344
vn -0.0035269 0.999983 0.00465196
vn -0.0034278 0.999984 0.00452125
vn -0.00375622 0.999981 0.0049603
vn -0.00368697 0.999981 0.00486886
vn -0.00399423 0.999978 0.00527868
vn -0.00395751 0.999979 0.00523015
vn -0.00424135 0.999975 0.00560742
vn -0.0042395 0.999975 0.00560497
vn -0.00449529 0.999972 0.00594325
vn -0.00453788 0.999972 0.00599957
vn -0.0047611 0.999969 0.00629223
vn -0.00484823 0.999968 0.00640739
vn -0.00502776 0.999965 0.0066397
vn -0.00517664 0.999963 0.00683631
vn -0.00531464 0.999961 0.00701017
vn -0.00551595 0.999958 0.0072757
vn -0.00559865 0.999957 0.00737357
vn -0.0058781 0.999953 0.00774161
vn -0.00589938 0.999953 0.00775425
vn -0.00625176 0.999947 0.00821743
vn -0.0062076 0.999948 0.00814019
vn -0.00665214 0.99994 0.00872313
vn -0.0065266 0.999942 0.00853463
vn -0.00706461 0.999932 0.00923816
vn -0.00685358 0.999937 0.00893369
vn -0.00749988 0.999924 0.00977614
vn -0.00719575 0.999931 0.00934591
vn -0.00795766 0.999915 0.0103355
vn -0.00754066 0.999924 0.00975467
vn -0.00844348 0.999905 0.0109226
vn -0.00790529 0.999917 0.0101806
vn -0.00894343 0.999894 0.0115175
vn -0.00827313 0.99991 0.0106026
vn -0.0094806 0.999881 0.01215
vn -0.0086584 0.999902 0.0110371
vn -0.0100417 0.999868 0.0128004
vn -0.00905421 0.999893 0.0114751
vn -0.0106297 0.999853 0.0134719
vn -0.00945935 0.999884 0.0119142
vn -0.0112558 0.999836 0.0141769
vn -0.00988451 0.999875 0.0123666
vn -0.0119063 0.999818 0.0148961
vn -0.0103135 0.999865 0.0128117
vn -0.0126019 0.999798 0.0156544
vn -0.0107545 0.999854 0.0132581
vn -0.0133433 0.999776 0.0164496
vn -0.0112246 0.999843 0.0137253
vn -0.0141034 0.999752 0.0172455
vn -0.0116885 0.999831 0.0141707
vn -0.0149355 0.999725 0.0181073
vn -0.0121848 0.999819 0.0146382
vn -0.01579 0.999695 0.0189693
vn -0.0126806 0.999806 0.0150887
vn -0.0167154 0.999662 0.0198897
vn -0.0132007 0.999792 0.0155493
vn -0.0176859 0.999627 0.0208324
vn -0.0137308 0.999778 0.0160025
vn -0.0187281 0.999586 0.0218266
vn -0.0142792 0.999763 0.0164563
vn -0.0198236 0.999542 0.022846
vn -0.0148376 0.999747 0.0169004
vn -0.021004 0.999493 0.023924
vn -0.0154253 0.99973 0.0173545
vn -0.022235 0.99944 0.0250159
vn -0.0160137 0.999714 0.0177863
vn -0.0235775 0.999379 0.0261873
vn -0.0166301 0.999696 0.0182234
vn -0.0249845 0.999313 0.0273782
vn -0.017251 0.999677 0.0186398
vn -0.0265208 0.999237 0.0286557
vn -0.0179059 0.999658 0.0190645
vn -0.028122 0.999156 0.0299415
vn -0.0185566 0.999639 0.0194568
vn -0.0298863 0.999062 0.0313361
vn -0.0192335 0.999618 0.0198459
vn -0.0317592 0.998958 0.0327704
vn -0.0199404 0.999596 0.0202342
vn -0.0337396 0.998844 0.0342367
vn -0.0206372 0.999575 0.0205806
vn -0.0359405 0.998711 0.0358419
vn -0.0213787 0.999552 0.0209365
vn -0.0382383 0.998567 0.0374474
vn -0.0221223 0.999529 0.02126
vn -0.0407586 0.998401 0.0391698
vn -0.022884 0.999506 0.0215642
vn -0.0434873 0.998213 0.0409792
vn -0.0236504 0.999482 0.0218352
vn -0.0464828 0.997997 0.0429151
vn -0.0244539 0.999457 0.0221004
vn -0.0496591 0.997757 0.0448798
vn -0.0252596 0.999431 0.0223278
vn -0.0531737 0.997479 0.047002
vn -0.0260923 0.999405 0.022537
vn -0.0569468 0.997165 0.0491874
vn -0.0269321 0.999379 0.0227099
vn -0.0611057 0.9968 0.051526
vn -0.027778 0.999353 0.022844
vn -0.0657088 0.996375 0.0540375
vn -0.0286499 0.999326 0.0229539
vn -0.0706967 0.995888 0.0566411
vn -0.029543 0.999298 0.0230342
vn -0.0761402 0.995328 0.0593654
vn -0.0304165 0.999271 0.0230529
vn -0.0823537 0.994647 0.0624166
vn -0.0313331 0.999243 0.0230547
vn -0.0890029 0.993876 0.0654877
vn -0.0322606 0.999215 0.0230153
vn -0.0963895 0.992965 0.0687661
vn -0.033177 0.999187 0.0229184
vn -0.104786 0.991857 0.0723852
vn -0.03412 0.999158 0.0227881
vn -0.113982 0.990562 0.0761266
vn -0.0350595 0.99913 0.022604
vn -0.124445 0.988977 0.0802339
vn -0.0360258 0.9991 0.0223838
vn -0.135897 0.987118 0.0844368
vn -0.0369796 0.999072 0.0221034
vn -0.149135 0.984791 0.0891411
vn -0.0379532 0.999042 0.0217804
vn -0.163739 0.982018 0.0939661
vn -0.0389203 0.999013 0.0213999
vn -0.180603 0.97853 0.0993022
vn -0.0399114 0.998983 0.0209771
vn -0.199243 0.974339 0.10472
vn -0.0408735 0.998954 0.0204849
vn -0.22133 0.96887 0.110925
vn -0.0418741 0.998923 0.0199554
vn -0.245379 0.962349 0.116937
vn -0.0428947 0.998892 0.0193796
vn -0.27187 0.954463 0.122829
vn -0.0438268 0.998864 0.0187105
vn -0.305794 0.943105 0.13055
vn -0.0448416 0.998832 0.0180184
vn -0.340445 0.93026 0.136799
vn -0.0458663 0.998798 0.0172743
vn -0.378495 0.91456 0.142551
vn -0.0468274 0.998767 0.0164523
vn -0.424838 0.892879 0.149263
vn -0.047818 0.998735 0.0155841
vn -0.473801 0.866988 0.154413
vn -0.0489025 0.998696 0.0146883
vn -0.516906 0.841845 0.155258
vn -0.050207 0.998644 0.0137982
vn -0.538136 0.829781 0.147894
vn -0.0515656 0.998587 0.0128684
vn -0.548546 0.824838 0.136892
vn -0.0529211 0.998528 0.011887
vn -0.553402 0.823587 0.124304
vn -0.0541982 0.998471 0.010841
vn -0.559182 0.821465 0.111851
vn -0.0555028 0.998411 0.00975282
vn -0.556767 0.824887 0.0978338
vn -0.0567041 0.998354 0.00860408
vn -0.556869 0.826291 0.0844974
vn -0.0578589 0.998297 0.0074064
vn -0.554915 0.828869 0.0710335
vn -0.0590997 0.998233 0.00617652
vn -0.541404 0.838856 0.0565822
vn -0.0601224 0.998179 0.00489048
vn -0.538192 0.841685 0.0437776
vn -0.061199 0.998119 0.00357027
vn -0.526758 0.84946 0.0307304
vn -0.0622306 0.998059 0.00221352
vn -0.513623 0.857822 0.0182694
vn -0.0631933 0.998001 0.000823169
vn -0.500807 0.865534 0.00652362
vn -0.0641056 0.997943 -0.000597629
vn -0.487299 0.873224 -0.00454288
vn -0.064967 0.997885 -0.0020458
vn -0.473083 0.880892 -0.0148973
vn -0.0657746 0.997828 -0.00351806
vn -0.458414 0.888401 -0.024519
vn -0.0665263 0.997772 -0.005011
vn -0.443751 0.895527 -0.0334249
vn -0.0672331 0.997716 -0.00652264
vn -0.428707 0.902486 -0.0415911
vn -0.0678619 0.997662 -0.0080461
vn -0.414353 0.908789 -0.049128
vn -0.0685342 0.997603 -0.00959475
vn -0.397268 0.916016 -0.0556173
vn -0.0689906 0.997555 -0.0111252
vn -0.38525 0.920719 -0.062124
vn -0.0694578 0.997504 -0.0126734
vn -0.371471 0.925967 -0.067779
vn -0.0699047 0.997452 -0.0142309
vn -0.357177 0.931202 -0.0727126
vn -0.0702705 0.997403 -0.0157814
vn -0.3439 0.935825 -0.0772335
vn -0.0705503 0.997358 -0.0173204
vn -0.331794 0.939829 -0.0814565
vn -0.070807 0.997312 -0.0188613
vn -0.319339 0.943815 -0.0850641
vn -0.0710127 0.997267 -0.0203934
vn -0.307249 0.94753 -0.0882358
vn -0.0710747 0.997231 -0.0218853
vn -0.297178 0.950427 -0.0915069
vn -0.0711921 0.997188 -0.0233988
vn -0.285641 0.953727 -0.0938817
vn -0.0712413 0.997149 -0.0248887
vn -0.274844 0.956682 -0.0960188
vn -0.071126 0.99712 -0.0263164
vn -0.265992 0.958938 -0.0984162
vn -0.0710847 0.997084 -0.0277717
vn -0.255821 0.961544 -0.0999454
vn -0.0709104 0.997056 -0.0291675
vn -0.247089 0.963648 -0.101635
vn -0.0707238 0.997028 -0.0305528
vn -0.238244 0.965736 -0.102922
vn -0.0705046 0.997001 -0.031916
vn -0.229602 0.967719 -0.103936
vn -0.070138 0.996985 -0.0332003
vn -0.222272 0.969291 -0.105214
vn -0.0697745 0.996967 -0.0344772
vn -0.214793 0.970876 -0.106134
vn -0.0694849 0.996941 -0.0357813
vn -0.206463 0.972661 -0.106318
vn -0.0689608 0.996935 -0.0369446
vn -0.200172 0.973874 -0.107239
vn -0.0684594 0.996926 -0.0381083
vn -0.193545 0.975158 -0.107738
vn -0.0679602 0.996915 -0.0392583
vn -0.186837 0.976444 -0.10793
vn -0.0674108 0.996909 -0.040361
vn -0.180484 0.977624 -0.108062
vn -0.0667691 0.99691 -0.0413883
vn -0.174711 0.978646 -0.108299
vn -0.0661677 0.996906 -0.0424231
vn -0.168696 0.979716 -0.108159
vn -0.0653996 0.996918 -0.0433266
vn -0.163692 0.980533 -0.108444
vn -0.0647839 0.996915 -0.0443155
vn -0.157755 0.981564 -0.107913
vn -0.0639865 0.996929 -0.0451511
vn -0.15292 0.98233 -0.107906
vn -0.0631953 0.996942 -0.0459698
vn -0.148015 0.983107 -0.10767
vn -0.0624114 0.996954 -0.04677
vn -0.143107 0.98388 -0.107242
vn -0.0615755 0.996971 -0.0475044
vn -0.138517 0.984578 -0.106863
vn -0.0607286 0.99699 -0.0482042
vn -0.133979 0.985261 -0.106348
vn -0.0598274 0.997014 -0.0488322
vn -0.129763 0.985872 -0.105915
vn -0.0589084 0.997039 -0.0494186
vn -0.125641 0.986461 -0.105401
vn -0.0580321 0.997061 -0.0500136
vn -0.121392 0.987076 -0.104619
vn -0.0570471 0.997094 -0.0504812
vn -0.117661 0.987581 -0.104118
vn -0.0561014 0.997124 -0.0509563
vn -0.113796 0.988113 -0.10336
vn -0.0551409 0.997155 -0.0513859
vn -0.110062 0.988618 -0.102566
vn -0.0540919 0.997197 -0.0516986
vn -0.106729 0.989042 -0.102007
vn -0.0531643 0.997226 -0.052101
vn -0.102971 0.989552 -0.100911
vn -0.0520899 0.997271 -0.0523188
vn -0.0998435 0.989937 -0.100282
vn -0.0510965 0.997308 -0.0525898
vn -0.0964634 0.990373 -0.0992826
vn -0.0500627 0.99735 -0.0527821
vn -0.0932964 0.990767 -0.0983642
vn -0.0490272 0.997393 -0.0529374
vn -0.0902065 0.991149 -0.0974011
vn -0.0479161 0.997446 -0.0529734
vn -0.0874232 0.991472 -0.0966504
vn -0.0469609 0.997482 -0.0531536
vn -0.0841907 0.991883 -0.095293
vn -0.0458426 0.997536 -0.0531016
vn -0.0815676 0.992179 -0.0944837
vn -0.0447824 0.997585 -0.0530855
vn -0.0788127 0.992502 -0.0934253
vn -0.0437471 0.997633 -0.0530615
vn -0.0760511 0.992828 -0.0922435
vn -0.0426876 0.997684 -0.0529669
vn -0.0734418 0.993128 -0.0911268
vn -0.0415941 0.997739 -0.0527899
vn -0.0709942 0.993399 -0.0901036
vn -0.040558 0.997789 -0.0526502
vn -0.0684472 0.99369 -0.0888543
vn -0.0394908 0.997844 -0.0524267
vn -0.0660684 0.993953 -0.0877102
vn -0.0384334 0.997898 -0.0521766
vn -0.0637283 0.99421 -0.0865164
vn -0.0374087 0.99795 -0.0519305
vn -0.0613676 0.994473 -0.08519
vn -0.0363058 0.998011 -0.0515287
vn -0.0592941 0.994687 -0.0841558
vn -0.0353232 0.99806 -0.0512644
vn -0.0569619 0.994948 -0.0826687
vn -0.034262 0.998119 -0.0508342
vn -0.0549193 0.99516 -0.0814832
vn -0.0332293 0.998176 -0.0504062
vn -0.0528672 0.995376 -0.0801952
vn -0.0322251 0.99823 -0.0499783
vn -0.0508179 0.995593 -0.0788141
vn -0.031177 0.998291 -0.0494339
vn -0.048948 0.995781 -0.0776115
vn -0.0302239 0.998341 -0.0490021
vn -0.046909 0.996 -0.0760537
vn -0.0291951 0.998402 -0.0483919
vn -0.0451402 0.996175 -0.0748214
vn -0.0282165 0.998457 -0.0478245
vn -0.0433112 0.996361 -0.0734088
vn -0.0272545 0.998512 -0.0472374
vn -0.0415166 0.996543 -0.0719565
vn -0.0262774 0.998569 -0.0465735
vn -0.0398306 0.99671 -0.0705949
vn -0.0253394 0.998623 -0.0459336
vn -0.0381225 0.996881 -0.0691061
vn -0.0243871 0.998679 -0.0452155
vn -0.0365211 0.997036 -0.0677127
vn -0.0234667 0.998733 -0.0445094
vn -0.0349139 0.997194 -0.0662213
vn -0.0225647 0.998786 -0.0437866
vn -0.0333398 0.997348 -0.0646957
vn -0.0216484 0.998841 -0.0429814
vn -0.0318712 0.997487 -0.0632781
vn -0.020772 0.998893 -0.0422078
vn -0.0303794 0.99763 -0.0617294
vn -0.0198935 0.998946 -0.0413738
vn -0.0289648 0.997764 -0.0602399
vn -0.0190407 0.998996 -0.0405413
vn -0.0275654 0.997895 -0.0586919
vn -0.018204 0.999046 -0.0396873
vn -0.0262018 0.998023 -0.0571237
vn -0.0173621 0.999098 -0.0387641
vn -0.024921 0.99814 -0.0556407
vn -0.0165601 0.999145 -0.0378783
vn -0.0236215 0.99826 -0.05403
vn -0.0157651 0.999193 -0.0369478
vn -0.0223803 0.998373 -0.0524515
vn -0.0149757 0.999241 -0.035971
vn -0.0211975 0.998478 -0.0509155
vn -0.0142207 0.999285 -0.0350213
vn -0.0200098 0.998585 -0.0492781
vn -0.013471 0.99933 -0.0340205
vn -0.0188834 0.998684 -0.0476892
vn -0.0127488 0.999373 -0.0330289
vn -0.0177696 0.998782 -0.0460366
vn -0.0120583 0.999413 -0.032055
vn -0.0166724 0.998878 -0.0443209
vn -0.0113987 0.999451 -0.0310936
vn -0.0156209 0.99897 -0.042611
vn -0.0107675 0.999488 -0.0301386
vn -0.0146235 0.999055 -0.0409314
vn -0.0101604 0.999523 -0.0291797
vn -0.0136851 0.999134 -0.0393024
vn -0.0095776 0.999556 -0.0282217
vn -0.0127986 0.999207 -0.0377128
vn -0.00901981 0.999587 -0.0272695
vn -0.0119589 0.999275 -0.0361552
vn -0.00848095 0.999618 -0.0263069
vn -0.0111723 0.999337 -0.0346551
vn -0.00796869 0.999646 -0.0253629
vn -0.0104196 0.999396 -0.0331638
vn -0.00747614 0.999674 -0.0244159
vn -0.00971169 0.99945 -0.0317169
vn -0.00700288 0.9997 -0.0234683
vn -0.00904403 0.9995 -0.0303086
vn -0.00655302 0.999725 -0.0225374
vn -0.00840607 0.999547 -0.0289105
vn -0.0061166 0.999748 -0.0215893
vn -0.00781302 0.999589 -0.027577
vn -0.00570402 0.99977 -0.0206675
vn -0.00724118 0.999629 -0.0262371
vn -0.0053097 0.999791 -0.0197504
vn -0.00670048 0.999667 -0.0249237
vn -0.00492895 0.999811 -0.0188229
vn -0.00619581 0.999701 -0.0236609
vn -0.00456766 0.999829 -0.0179133
vn -0.00571258 0.999733 -0.0224034
vn -0.00422168 0.999847 -0.0170051
vn -0.00525689 0.999762 -0.021175
vn -0.0038913 0.999863 -0.0161027
vn -0.00482568 0.999789 -0.0199693
vn -0.00357713 0.999878 -0.0152111
vn -0.00441573 0.999814 -0.0187771
vn -0.00327613 0.999892 -0.0143182
vn -0.00403076 0.999837 -0.0176163
vn -0.00299023 0.999905 -0.0134365
vn -0.00366468 0.999858 -0.0164671
vn -0.00271798 0.999917 -0.0125603
vn -0.0033188 0.999877 -0.0153368
vn -0.00245824 0.999929 -0.0116866
vn -0.00299316 0.999894 -0.0142296
vn -0.0022123 0.999939 -0.0108244
vn -0.00268375 0.99991 -0.0131311
vn -0.00197848 0.999948 -0.00996605
vn -0.00239259 0.999924 -0.012052
vn -0.00175619 0.999957 -0.00911105
vn -0.00211865 0.999937 -0.0109915
vn -0.00154633 0.999965 -0.00826677
vn -0.0018591 0.999949 -0.00993885
vn -0.00134627 0.999972 -0.00741933
vn -0.00161733 0.999959 -0.00891315
vn -0.00115896 0.999978 -0.00658965
vn -0.00138646 0.999968 -0.0078832
vn -0.000981527 0.999983 -0.00575942
vn -0.00117156 0.999976 -0.00687447
vn -0.000814053 0.999988 -0.00493267
vn -0.00097054 0.999982 -0.00588089
vn -0.000657255 0.999991 -0.00411613
vn -0.000781061 0.999988 -0.00489148
vn -0.000509651 0.999994 -0.00330042
vn -0.00060517 0.999992 -0.00391899
vn -0.000371795 0.999997 -0.00249217
vn -0.000440658 0.999996 -0.00295376
vn -0.000243296 0.999999 -0.00168948
vn -0.000287592 0.999998 -0.00199708
vn -0.000123666 1 -0.000890265
vn -0.000146006 0.999999 -0.0010511
vn -1.28895e-05 1 -9.63001e-05
vn -1.52064e-05 1 -0.00011361
vn 8.93531e-05 1 0.00069368
vn 0.000105174 1 0.000816502
vn 0.000183155 0.999999 0.00147892
vn 0.000215326 0.999999 0.00173869
vn 0.000268548 0.999997 0.00225831
vn 0.000315857 0.999996 0.00265615
vn 0.00034633 0.999995 0.00303864
vn 0.000405852 0.999994 0.00356087
vn 0.000415557 0.999993 0.00380723
vn 0.000487919 0.99999 0.00447019
vn 0.00047774 0.999989 0.00458185
vn 0.000558985 0.999985 0.00536105
vn 0.00053179 0.999986 0.00534489
vn 0.000622561 0.99998 0.00625721
vn 0.000578355 0.999981 0.0061066
vn 0.000676897 0.999974 0.00714706
vn 0.000617775 0.999976 0.00686899
vn 0.000721946 0.999968 0.00802725
vn 0.000649609 0.999971 0.00762323
vn 0.000759329 0.99996 0.00891081
vn 0.000674285 0.999965 0.00837726
vn 0.000787798 0.999952 0.00978753
vn 0.000691869 0.999958 0.00912928
vn 0.000808025 0.999943 0.010662
vn 0.00070254 0.999951 0.0098811
vn 0.000819779 0.999933 0.01153
vn 0.000705491 0.999943 0.0106175
vn 0.000824879 0.999923 0.0124143
vn 0.00070214 0.999935 0.0113727
vn 0.000819291 0.999912 0.0132702
vn 0.000691582 0.999926 0.0121115
vn 0.000807638 0.9999 0.014144
vn 0.000673855 0.999917 0.0128484
vn 0.000787674 0.999887 0.0150185
vn 0.00064948 0.999907 0.0135951
vn 0.000758469 0.999874 0.0158765
vn 0.00061811 0.999897 0.0143291
vn 0.000722664 0.999859 0.0167529
vn 0.000579635 0.999886 0.0150649
vn 0.000678126 0.999844 0.0176247
vn 0.000534191 0.999875 0.0158017
vn 0.000625282 0.999829 0.0184963
vn 0.000481701 0.999863 0.0165355
vn 0.000564342 0.999812 0.0193723
vn 0.000422203 0.999851 0.0172735
vn 0.000494845 0.999795 0.0202456
vn 0.000355673 0.999838 0.0180065
vn 0.00041733 0.999777 0.021128
vn 0.00028188 0.999824 0.0187386
vn 0.000331151 0.999758 0.022014
vn 0.000200756 0.99981 0.0194714
vn 0.000236162 0.999738 0.0229055
vn 0.000112239 0.999796 0.0202141
vn 0.000132073 0.999717 0.0237862
vn 1.67556e-05 0.999781 0.0209298
vn 1.97827e-05 0.999695 0.0247109
vn -8.7446e-05 0.999765 0.0216798
vn -0.000103238 0.999672 0.0255949
vn -0.000198283 0.999749 0.0224042
vn -0.000234731 0.999648 0.0265225
vn -0.000317787 0.999732 0.0231468
vn -0.000376612 0.999624 0.0274314
vn -0.000444793 0.999715 0.0238847
vn -0.000528087 0.999598 0.0283575
vn -0.000579398 0.999697 0.0246029
vn -0.000690515 0.99957 0.0293212
vn -0.00072487 0.999678 0.0253743
vn -0.00086333 0.999543 0.0302211
vn -0.000874971 0.999659 0.0260822
vn -0.00104738 0.999512 0.0312216
vn -0.00103719 0.999639 0.0268361
vn -0.00124344 0.999482 0.0321727
vn -0.00120687 0.999619 0.0275711
vn -0.00145156 0.999449 0.0331611
vn -0.00138696 0.999598 0.0283249
vn -0.00167173 0.999416 0.0341405
vn -0.00157459 0.999577 0.0290537
vn -0.00190605 0.99938 0.0351696
vn -0.0017749 0.999554 0.0298195
vn -0.00215252 0.999344 0.0361638
vn -0.0019823 0.999531 0.0305563
vn -0.00241452 0.999304 0.0372187
vn -0.00220017 0.999508 0.0312879
vn -0.00269323 0.999263 0.0382996
vn -0.00243338 0.999483 0.0320705
vn -0.00298398 0.999222 0.0393271
vn -0.00267205 0.999458 0.0328052
vn -0.00329448 0.999176 0.0404468
vn -0.00292381 0.999433 0.0335504
vn -0.00362304 0.999129 0.041574
vn -0.00319081 0.999406 0.0343295
vn -0.00396651 0.999081 0.0426751
vn -0.0034646 0.999379 0.0350665
vn -0.00433394 0.999028 0.0438654
vn -0.00375424 0.999351 0.0358264
vn -0.00472071 0.998974 0.0450494
vn -0.00405693 0.999322 0.0365877
vn -0.00512929 0.998916 0.0462588
vn -0.00437232 0.999293 0.0373434
vn -0.00556239 0.998855 0.0475077
vn -0.00470425 0.999262 0.0381185
vn -0.00601738 0.998792 0.0487588
vn -0.00504506 0.999232 0.0388553
vn -0.0065059 0.998723 0.0501061
vn -0.00540675 0.9992 0.0396262
vn -0.00701784 0.998652 0.0514339
vn -0.00578141 0.999168 0.0403811
vn -0.0075627 0.998575 0.0528228
vn -0.00617328 0.999134 0.0411404
vn -0.00814012 0.998494 0.0542479
vn -0.0065799 0.999101 0.0418848
vn -0.00875635 0.998407 0.0557392
vn -0.00701116 0.999065 0.0426676
vn -0.00940045 0.998318 0.057208
vn -0.0074479 0.999031 0.0433811
vn -0.0101033 0.998216 0.0588478
vn -0.00791951 0.998993 0.0441717
vn -0.0108278 0.998116 0.0603927
vn -0.00838881 0.998959 0.0448516
vn -0.0116343 0.997996 0.0622037
vn -0.00890337 0.998918 0.0456411
vn -0.0124568 0.997881 0.0638567
vn -0.00942406 0.99888 0.0463623
vn -0.0133553 0.99775 0.0657023
vn -0.0099635 0.998842 0.0470609
vn -0.0143235 0.997606 0.0676545
vn -0.0105432 0.9988 0.0478276
vn -0.0153231 0.997463 0.0695108
vn -0.0111331 0.998759 0.0485391
vn -0.0163824 0.997311 0.0714258
vn -0.011735 0.99872 0.0492005
vn -0.0175 0.997151 0.0733709
vn -0.0123572 0.99868 0.0498449
vn -0.0186591 0.996989 0.0752645
vn -0.0129936 0.998642 0.0504526
vn -0.0198675 0.996822 0.0771428
vn -0.0136361 0.998606 0.0509955
vn -0.0211446 0.996644 0.0790752
vn -0.014291 0.998571 0.0514958
vn -0.0224779 0.996461 0.080996
vn -0.0149587 0.998537 0.051957
vn -0.0238666 0.996272 0.0828975
vn -0.0156455 0.998503 0.0524032
vn -0.0252902 0.996085 0.0847072
vn -0.016317 0.998476 0.0527278
vn -0.0268321 0.995872 0.086707
vn -0.0170266 0.998444 0.053094
vn -0.028362 0.995678 0.0884412
vn -0.0177242 0.998418 0.0533604
vn -0.0299944 0.995463 0.0903012
vn -0.018436 0.998392 0.0536024
vn -0.0316659 0.995249 0.0920683
vn -0.0191348 0.998371 0.053748
vn -0.0334452 0.995016 0.0939449
vn -0.0198621 0.998348 0.0539104
vn -0.0352146 0.994799 0.0955808
vn -0.02056 0.998332 0.0539448
vn -0.0371321 0.99455 0.0974263
vn -0.021293 0.998313 0.0540139
vn -0.0390049 0.994328 0.0989436
vn -0.0220005 0.9983 0.0539769
vn -0.0410049 0.994081 0.100603
vn -0.0226967 0.99829 0.0538685
vn -0.0430908 0.993823 0.102272
vn -0.0234293 0.998277 0.0538016
vn -0.0450895 0.993603 0.10354
vn -0.0241023 0.998273 0.0535696
vn -0.0473166 0.993328 0.105166
vn -0.0248036 0.998267 0.053362
vn -0.0494654 0.99309 0.106419
vn -0.0254981 0.998263 0.053112
vn -0.0516333 0.992858 0.107551
vn -0.0261486 0.998265 0.0527489
vn -0.0539616 0.992592 0.108855
vn -0.026807 0.998268 0.0523762
vn -0.0562354 0.992353 0.109874
vn -0.027465 0.99827 0.0519837
vn -0.0584585 0.992139 0.110646
vn -0.0280637 0.99828 0.0514683
vn -0.0608756 0.991882 0.111645
vn -0.0286598 0.998291 0.0509331
vn -0.063233 0.991652 0.112375
vn -0.0292821 0.998298 0.0504328
vn -0.0653514 0.991494 0.112555
vn -0.0298072 0.998316 0.0497672
vn -0.0678042 0.991255 0.113208
vn -0.0303541 0.998331 0.0491307
vn -0.0699972 0.991092 0.113297
vn -0.0308738 0.998348 0.0484523
vn -0.0721346 0.99095 0.113206
vn -0.0313145 0.998373 0.0476572
vn -0.0744945 0.990756 0.113372
vn -0.0317836 0.998393 0.0469072
vn -0.0764549 0.990668 0.112834
vn -0.0322263 0.998416 0.0461291
vn -0.0782846 0.990613 0.112057
vn -0.0325667 0.998446 0.0452218
vn -0.0803942 0.990492 0.111634
vn -0.0329397 0.998472 0.0443699
vn -0.0819833 0.990497 0.110432
vn -0.0332311 0.998504 0.0434295
vn -0.083685 0.990472 0.109367
vn -0.0334866 0.998537 0.0424619
vn -0.0852288 0.990483 0.108072
vn -0.0337513 0.998567 0.0415265
vn -0.0862622 0.990603 0.106134
vn -0.0338893 0.998606 0.0404655
vn -0.0876568 0.990637 0.104667
vn -0.0340491 0.998641 0.039454
vn -0.0884124 0.990802 0.102447
vn -0.0341607 0.998678 0.0384176
vn -0.0889562 0.990999 0.100041
vn -0.0341537 0.998721 0.0372831
vn -0.0897526 0.991133 0.0979763
vn -0.0341838 0.998759 0.0362184
vn -0.0897399 0.991416 0.0950812
vn -0.034107 0.998802 0.0350796
vn -0.0898544 0.991658 0.0924166
vn -0.0340084 0.998845 0.0339545
vn -0.0895129 0.991968 0.089371
vn -0.0338344 0.998889 0.0327947
vn -0.0890748 0.992276 0.0863376
vn -0.0336179 0.998934 0.0316342
vn -0.0882894 0.992624 0.0830798
vn -0.0333322 0.99898 0.0304518
vn -0.0873489 0.992976 0.0798006
vn -0.0330232 0.999025 0.0292909
vn -0.085923 0.993383 0.0762121
vn -0.0325914 0.999075 0.0280691
vn -0.0846881 0.993734 0.072937
vn -0.0321475 0.999122 0.0268812
vn -0.0828945 0.994145 0.0693149
vn -0.0316356 0.999169 0.0256848
vn -0.080948 0.994549 0.0657213
vn -0.0310919 0.999216 0.0245108
vn -0.0785695 0.994983 0.0619388
vn -0.030417 0.999266 0.0232857
vn -0.0764494 0.995354 0.0585256
vn -0.029708 0.999315 0.0220834
vn -0.0739432 0.995747 0.0549655
vn -0.0289826 0.999361 0.0209192
vn -0.070988 0.99616 0.051238
vn -0.0280975 0.999411 0.0196948
vn -0.0684342 0.996502 0.0479687
vn -0.0272308 0.999457 0.0185329
vn -0.0652614 0.996879 0.044416
vn -0.0263001 0.999503 0.0173813
vn -0.0619441 0.99724 0.0409378
vn -0.0252361 0.99955 0.0161972
vn -0.0589044 0.997547 0.0378064
vn -0.0241541 0.999595 0.0150534
vn -0.055507 0.997859 0.0345932
vn -0.0230154 0.999638 0.0139282
vn -0.0519792 0.998153 0.0314563
vn -0.0217879 0.999681 0.0128043
vn -0.0485053 0.998416 0.0285056
vn -0.0205006 0.999721 0.0116991
vn -0.0449406 0.99866 0.0256462
vn -0.0191653 0.99976 0.0106202
vn -0.0412655 0.998887 0.0228667
vn -0.0177517 0.999797 0.00955233
vn -0.0376052 0.999088 0.0202356
vn -0.0162796 0.999831 0.00850661
vn -0.0339138 0.999268 0.017721
vn -0.0147364 0.999863 0.00747725
vn -0.0302338 0.999425 0.0153406
vn -0.0131586 0.999892 0.00648286
vn -0.0264378 0.999566 0.0130252
vn -0.0114919 0.999919 0.00549811
vn -0.0227546 0.999682 0.0108866
vn -0.00978007 0.999942 0.00454341
vn -0.0190268 0.99978 0.00883906
vn -0.00800101 0.999961 0.00360916
vn -0.0153313 0.999859 0.00691577
vn -0.0061846 0.999977 0.00270864
vn -0.0115928 0.99992 0.00507725
vn -0.00429263 0.999989 0.0018257
vn -0.00793741 0.999963 0.00337587
vn -0.00235512 0.999997 0.00097256
vn -0.00427958 0.999989 0.00176728
vn -0.000364895 1 0.000146311
vn -0.000650286 1 0.000260743
vn 0.00167492 0.999998 -0.000652166
vn 0.00295205 0.999995 -0.00114944
vn 0.00377216 0.999992 -0.0014259
vn 0.00650509 0.999976 -0.00245897
vn 0.00590693 0.99998 -0.00216826
vn 0.0100484 0.999943 -0.00368848
vn 0.00809394 0.999963 -0.00288471
vn 0.0135433 0.999897 -0.00482688
vn 0.0103256 0.99994 -0.00357324
vn 0.0170021 0.999838 -0.00588369
vn 0.012603 0.999912 -0.00423479
vn 0.0204127 0.999768 -0.006859
vn 0.014906 0.999877 -0.00486364
vn 0.0238293 0.999686 -0.00777519
vn 0.0172741 0.999836 -0.00547249
vn 0.0271401 0.999595 -0.00859808
vn 0.0196503 0.999789 -0.00604528
vn 0.0304932 0.999491 -0.00938104
vn 0.0220908 0.999734 -0.00659876
vn 0.0337297 0.99938 -0.0100754
vn 0.0245368 0.999674 -0.00711758
vn 0.0370038 0.999257 -0.010734
vn 0.0270535 0.999605 -0.00762011
vn 0.0401494 0.99913 -0.0113088
vn 0.0295646 0.99953 -0.00808756
vn 0.043348 0.99899 -0.0118581
vn 0.0321098 0.999448 -0.00853031
vn 0.0464839 0.998843 -0.0123489
vn 0.0347037 0.999358 -0.00895339
vn 0.0495465 0.99869 -0.0127828
vn 0.037312 0.99926 -0.00934977
vn 0.0526063 0.998528 -0.0131823
vn 0.0399377 0.999155 -0.00972079
vn 0.0556314 0.99836 -0.0135406
vn 0.0425769 0.999043 -0.0100666
vn 0.0586483 0.998182 -0.0138664
vn 0.045266 0.998921 -0.0103961
vn 0.0615803 0.998002 -0.014143
vn 0.0479502 0.998792 -0.0106991
vn 0.0645158 0.997813 -0.0143954
vn 0.0506522 0.998656 -0.010981
vn 0.0674261 0.997617 -0.0146175
vn 0.0533885 0.99851 -0.0112463
vn 0.07028 0.997418 -0.0148044
vn 0.0559974 0.998365 -0.0114633
vn 0.0732928 0.997198 -0.0150038
vn 0.0585971 0.998214 -0.0116528
vn 0.0760951 0.996986 -0.0151325
vn 0.0610649 0.998064 -0.0117949
vn 0.0788427 0.996771 -0.0152287
vn 0.0634399 0.997915 -0.0118973
vn 0.081479 0.996558 -0.0152803
vn 0.0657878 0.997762 -0.0119737
vn 0.0838983 0.996357 -0.0152699
vn 0.0679764 0.997615 -0.0120044
vn 0.0863266 0.99615 -0.015245
vn 0.070166 0.997463 -0.0120161
vn 0.0885014 0.995961 -0.0151561
vn 0.0721958 0.997319 -0.0119866
vn 0.090695 0.995765 -0.015058
vn 0.074201 0.997172 -0.0119365
vn 0.0926926 0.995583 -0.0149112
vn 0.0760886 0.997031 -0.0118548
vn 0.0946466 0.995402 -0.0147462
vn 0.0779732 0.996886 -0.0117589
vn 0.0963761 0.995239 -0.0145342
vn 0.0796703 0.996754 -0.0116261
vn 0.0981767 0.995066 -0.0143267
vn 0.0813493 0.99662 -0.0114777
vn 0.0997947 0.994908 -0.0140801
vn 0.0829818 0.996487 -0.011313
vn 0.101274 0.994763 -0.0138068
vn 0.0844613 0.996365 -0.0111205
vn 0.102775 0.994613 -0.0135318
vn 0.0859999 0.996235 -0.0109255
vn 0.104 0.994489 -0.0132123
vn 0.0872514 0.996129 -0.0106915
vn 0.105447 0.994341 -0.0129211
vn 0.0886542 0.996007 -0.0104633
vn 0.106484 0.994235 -0.0125677
vn 0.089907 0.995898 -0.0102163
vn 0.10756 0.994124 -0.0122222
vn 0.0910269 0.995799 -0.00995024
vn 0.108637 0.994011 -0.0118752
vn 0.0921197 0.995701 -0.00967484
vn 0.109588 0.99391 -0.0115095
vn 0.0931934 0.995604 -0.00939324
vn 0.110381 0.993827 -0.0111257
vn 0.0941194 0.995519 -0.00909614
vn 0.111226 0.993737 -0.0107494
vn 0.0950587 0.995433 -0.00879573
vn 0.111879 0.993668 -0.0103521
vn 0.0958198 0.995363 -0.00847934
vn 0.112623 0.993588 -0.00996632
vn 0.0966807 0.995282 -0.00816635
vn 0.113072 0.993541 -0.00955087
vn 0.0973521 0.995219 -0.00784115
vn 0.113621 0.993482 -0.00915148
vn 0.0979617 0.995162 -0.00750901
vn 0.114108 0.99343 -0.00874664
vn 0.0986362 0.995098 -0.00717971
vn 0.114357 0.993405 -0.00832402
vn 0.0990548 0.995059 -0.00683729
vn 0.114807 0.993356 -0.00792459
vn 0.0995724 0.995009 -0.00649701
vn 0.114982 0.993339 -0.00750247
vn 0.100028 0.994966 -0.00615651
vn 0.115103 0.993328 -0.00708436
vn 0.100258 0.994944 -0.00580673
vn 0.115378 0.993299 -0.00668243
vn 0.100653 0.994907 -0.00546212
vn 0.115314 0.993309 -0.00625777
vn 0.100869 0.994887 -0.0051155
vn 0.115347 0.993308 -0.00584974
vn 0.100982 0.994877 -0.00476559
vn 0.115383 0.993306 -0.0054452
vn 0.101191 0.994857 -0.00441945
vn 0.115173 0.993333 -0.00503008
vn 0.101212 0.994857 -0.00407291
vn 0.115079 0.993346 -0.00463091
vn 0.101231 0.994856 -0.0037272
vn 0.114867 0.993372 -0.00422925
vn 0.101246 0.994856 -0.003385
vn 0.114541 0.993411 -0.0038295
vn 0.101078 0.994874 -0.00304365
vn 0.11433 0.993437 -0.00344269
vn 0.101024 0.99488 -0.00270532
vn 0.113861 0.993492 -0.00304908
vn 0.100789 0.994905 -0.00237128
vn 0.113507 0.993534 -0.00267052
vn 0.100567 0.994928 -0.00203961
vn 0.11302 0.99359 -0.00229218
vn 0.100298 0.994956 -0.00171281
vn 0.112491 0.993651 -0.00192103
vn 0.099948 0.994992 -0.00139066
vn 0.111947 0.993713 -0.00155761
vn 0.0995516 0.995032 -0.00107246
vn 0.11136 0.993779 -0.00119967
vn 0.0991378 0.995073 -0.000758722
vn 0.110686 0.993855 -0.000847104
vn 0.0986483 0.995122 -0.000451042
vn 0.110007 0.993931 -0.000502977
vn 0.0981419 0.995173 -0.00014829
vn 0.109244 0.994015 -0.000165065
vn 0.0975763 0.995228 0.00014763
vn 0.108457 0.994101 0.000164091
vn 0.0969778 0.995286 0.00043731
vn 0.107607 0.994193 0.00048524
vn 0.0962806 0.995354 0.000719255
vn 0.106784 0.994282 0.00079772
vn 0.0956372 0.995416 0.000997628
vn 0.1058 0.994387 0.00110364
vn 0.0948263 0.995493 0.00126422
vn 0.104923 0.994479 0.00139884
vn 0.0941217 0.99556 0.00152956
vn 0.103826 0.994594 0.00168726
vn 0.0932425 0.995642 0.00178036
vn 0.102849 0.994695 0.00196378
vn 0.0923842 0.995721 0.00202756
vn 0.101751 0.994807 0.00223314
vn 0.0914369 0.995808 0.00226481
vn 0.100675 0.994916 0.00249364
vn 0.0905607 0.995888 0.00249889
vn 0.0994237 0.995041 0.00274345
vn 0.0895188 0.995981 0.00271645
vn 0.0982842 0.995154 0.00298243
vn 0.088499 0.996072 0.00293013
vn 0.0970303 0.995276 0.00321259
vn 0.087428 0.996166 0.00313374
vn 0.095754 0.995399 0.00343217
vn 0.0863055 0.996263 0.00332773
vn 0.0944542 0.995523 0.00364192
vn 0.0851681 0.99636 0.00351405
vn 0.093087 0.995651 0.00384078
vn 0.0839896 0.99646 0.00369001
vn 0.0916872 0.99578 0.00402819
vn 0.0827443 0.996563 0.00385439
vn 0.0902865 0.995907 0.00420572
vn 0.0814889 0.996666 0.00401141
vn 0.088812 0.996039 0.00437189
vn 0.0801791 0.996772 0.00415693
vn 0.0873265 0.996169 0.00452749
vn 0.0788519 0.996877 0.00429384
vn 0.0857805 0.996303 0.00467113
vn 0.0774958 0.996983 0.00442019
vn 0.0841902 0.996438 0.00480202
vn 0.0760468 0.997094 0.00453154
vn 0.08263 0.996568 0.00492382
vn 0.0746282 0.997201 0.0046385
vn 0.0809607 0.996705 0.0050321
vn 0.0731179 0.997312 0.00472939
vn 0.0793181 0.996836 0.00513043
vn 0.0716362 0.997419 0.00481513
vn 0.0775699 0.996973 0.00521397
vn 0.0700567 0.997531 0.00488322
vn 0.0758593 0.997105 0.00528768
vn 0.0684686 0.997641 0.00494346
vn 0.0740852 0.997238 0.00534898
vn 0.0668715 0.997749 0.00499416
vn 0.0722478 0.997372 0.00539568
vn 0.0651756 0.997861 0.0050268
vn 0.070453 0.9975 0.00543382
vn 0.0635225 0.997968 0.00505617
vn 0.0685343 0.997634 0.0054551
vn 0.0617771 0.998077 0.00506659
vn 0.066654 0.997761 0.00546656
vn 0.0600327 0.998183 0.00506925
vn 0.0646985 0.99789 0.00546324
vn 0.0582226 0.998291 0.00505612
vn 0.0627508 0.998014 0.00544935
vn 0.0564249 0.998394 0.00503598
vn 0.0607163 0.99814 0.00541898
vn 0.0545418 0.998499 0.00499699
vn 0.058711 0.99826 0.00537896
vn 0.0526664 0.9986 0.00495086
vn 0.0566302 0.998381 0.00532348
vn 0.0507507 0.998699 0.00489051
vn 0.0545248 0.998499 0.0052542
vn 0.0487863 0.998798 0.00481538
vn 0.0524096 0.998612 0.00517302
vn 0.0468063 0.998893 0.00472972
vn 0.0502424 0.998724 0.00507693
vn 0.044795 0.998985 0.00463072
vn 0.0480454 0.998833 0.00496673
vn 0.0427327 0.999076 0.00451619
vn 0.0458401 0.998937 0.00484459
vn 0.0406677 0.999163 0.00439235
vn 0.0435735 0.999039 0.00470619
vn 0.0385486 0.999248 0.00425175
vn 0.0412989 0.999136 0.0045551
vn 0.0364158 0.999328 0.00410006
vn 0.0389773 0.99923 0.00438846
vn 0.0342365 0.999406 0.00393243
vn 0.036644 0.99932 0.00420896
vn 0.0320416 0.999479 0.00375329
vn 0.0342621 0.999405 0.0040134
vn 0.0298039 0.999549 0.00355832
vn 0.0318682 0.999485 0.00380478
vn 0.0275422 0.999615 0.00335051
vn 0.0294379 0.99956 0.00358113
vn 0.0252556 0.999676 0.00312924
vn 0.0269684 0.999631 0.00334146
vn 0.0229286 0.999733 0.00289201
vn 0.0244862 0.999695 0.00308847
usemtl curve_material
f 1/1/1 1101/2/2 2/3/3
f 1101/2/2 1102/4/4 2/3/3
f 2/3/3 1102/4/4 3/5/5
f 1102/4/4 1103/6/6 3/5/5
f 3/5/5 1103/6/6 4/7/7
f 1103/6/6 1104/8/8 4/7/7
f 4/7/7 1104/8/8 5/9/9
f 1104/8/8 1105/10/10 5/9/9
f 5/9/9 1105/10/10 6/11/11
f 1105/10/10 1106/12/12 6/11/11
f 6/11/11 1106/12/12 7/13/13
f 1106/12/12 1107/14/14 7/13/13
f 7/13/13 1107/14/14 8/15/15
f 1107/14/14 1108/16/16 8/15/15
f 8/15/15 1108/16/16 9/17/17
f 1108/16/16 1109/18/18 9/17/17
f 9/17/17 1109/18/18 10/19/19
f 1109/18/18 1110/20/20 10/19/19
f 10/19/19 1110/20/20 11/21/21
f 1110/20/20 1111/22/22 11/21/21
f 11/1/21 1111/2/22 12/3/23
f 1111/2/22 1112/4/24 12/3/23
f 12/3/23 1112/4/24 13/5/25
f 1112/4/24 1113/6/26 13/5/25
f 13/5/25 1113/6/26 14/7/27
f 1113/6/26 1114/8/28 14/7/27
f 14/7/27 1114/8/28 15/9/29
f 1114/8/28 1115/10/30 15/9/29
f 15/9/29 1115/10/30 16/11/31
f 1115/10/30 1116/12/32 16/11/31
f 16/11/31 1116/12/32 17/13/33
f 1116/12/32 1117/14/34 17/13/33
f 17/13/33 1117/14/34 18/15/35
f 1117/14/34 1118/16/36 18/15/35
f 18/15/35 1118/16/36 19/17/37
f 1118/16/36 1119/18/38 19/17/37
f 19/17/37 1119/18/38 20/19/39
f 1119/18/38 1120/20/40 20/19/39
f 20/19/39 1120/20/40 21/21/41
f 1120/20/40 1121/22/42 21/21/41
f 21/1/41 1121/2/42 22/3/43
f 1121/2/42 1122/4/44 22/3/43
f 22/3/43 1122/4/44 23/5/45
f 1122/4/44 1123/6/46 23/5/45
f 23/5/45 1123/6/46 24/7/47
f 1123/6/46 1124/8/48 24/7/47
f 24/7/47 1124/8/48 25/9/49
f 1124/8/48 1125/10/50 25/9/49
f 25/9/49 1125/10/50 26/11/51
f 1125/10/50 1126/12/52 26/11/51
f 26/11/51 1126/12/52 27/13/53
f 1126/12/52 1127/14/54 27/13/53
f 27/13/53 1127/14/54 28/15/55
f 1127/14/54 1128/16/56 28/15/55
f 28/15/55 1128/16/56 29/17/57
f 1128/16/56 1129/18/58 29/17/57
f 29/17/57 1129/18/58 30/19/59
f 1129/18/58 1130/20/60 30/19/59
f 30/19/59 1130/20/60 31/21/61
f 1130/20/60 1131/22/62 31/21/61
f 31/1/61 1131/2/62 32/3/63
f 1131/2/62 1132/4/64 32/3/63
f 32/3/63 1132/4/64 33/5/65
f 1132/4/64 1133/6/66 33/5/65
f 33/5/65 1133/6/66 34/7/67
f 1133/6/66 1134/8/68 34/7/67
f 34/7/67 1134/8/68 35/9/69
f 1134/8/68 1135/10/70 35/9/69
f 35/9/69 1135/10/70 36/11/71
f 1135/10/70 1136/12/72 36/11/71
f 36/11/71 1136/12/72 37/13/73
f 1136/12/72 1137/14/74 37/13/73
f 37/13/73 1137/14/74 38/15/75
f 1137/14/74 1138/16/76 38/15/75
f 38/15/75 1138/16/76 39/17/77
f 1138/16/76 1139/18/78 39/17/77
f 39/17/77 1139/18/78 40/19/79
f 1139/18/78 1140/20/80 40/19/79
f 40/19/79 1140/20/80 41/21/81
f 1140/20/80 1141/22/82 41/21/81
f 41/1/81 1141/2/82 42/3/83
f 1141/2/82 1142/4/84 42/3/83
f 42/3/83 1142/4/84 43/5/85
f 1142/4/84 1143/6/86 43/5/85
f 43/5/85 1143/6/86 44/7/87
f 1143/6/86 1144/8/88 44/7/87
f 44/7/87 1144/8/88 45/9/89
f 1144/8/88 1145/10/90 45/9/89
f 45/9/89 1145/10/90 46/11/91
f 1145/10/90 1146/12/92 46/11/91
f 46/11/91 1146/12/92 47/13/93
f 1146/12/92 1147/14/94 47/13/93
f 47/13/93 1147/14/94 48/15/95
f 1147/14/94 1148/16/96 48/15/95
f 48/15/95 1148/16/96 49/17/97
f 1148/16/96 1149/18/98 49/17/97
f 49/17/97 1149/18/98 50/19/99
f 1149/18/98 1150/20/100 50/19/99
f 50/19/99 1150/20/100 51/21/101
f 1150/20/100 1151/22/102 51/21/101
f 51/1/101 1151/2/102 52/3/103
f 1151/2/102 1152/4/104 52/3/103
f 52/3/103 1152/4/104 53/5/105
f 1152/4/104 1153/6/106 53/5/105
f 53/5/105 1153/6/106 54/7/107
f 1153/6/106 1154/8/108 54/7/107
f 54/7/107 1154/8/108 55/9/109
f 1154/8/108 1155/10/110 55/9/109
f 55/9/109 1155/10/110 56/11/111
f 1155/10/110 1156/12/112 56/11/111
f 56/11/111 1156/12/112 57/13/113
f 1156/12/112 1157/14/114 57/13/113
f 57/13/113 1157/14/114 58/15/115
f 1157/14/114 1158/16/116 58/15/115
f 58/15/115 1158/16/116 59/17/117
f 1158/16/116 1159/18/118 59/17/117
f 59/17/117 1159/18/118 60/19/119
f 1159/18/118 1160/20/120 60/19/119
f 60/19/119 1160/20/120 61/21/121
f 1160/20/120 1161/22/122 61/21/121
f 61/1/121 1161/2/122 62/3/123
f 1161/2/122 1162/4/124 62/3/123
f 62/3/123 1162/4/124 63/5/125
f 1162/4/124 1163/6/126 63/5/125
f 63/5/125 1163/6/126 64/7/127
f 1163/6/126 1164/8/128 64/7/127
f 64/7/127 1164/8/128 65/9/129
f 1164/8/128 1165/10/130 65/9/129
f 65/9/129 1165/10/130 66/11/131
f 1165/10/130 1166/12/132 66/11/131
f 66/11/131 1166/12/132 67/13/133
f 1166/12/132 1167/14/134 67/13/133
f 67/13/133 1167/14/134 68/15/135
f 1167/14/134 1168/16/136 68/15/135
f 68/15/135 1168/16/136 69/17/137
f 1168/16/136 1169/18/138 69/17/137
f 69/17/137 1169/18/138 70/19/139
f 1169/18/138 1170/20/140 70/19/139
f 70/19/139 1170/20/140 71/21/141
f 1170/20/140 1171/22/142 71/21/141
f 71/1/141 1171/2/142 72/3/143
f 1171/2/142 1172/4/144 72/3/143
f 72/3/143 1172/4/144 73/5/145
f 1172/4/144 1173/6/146 73/5/145
f 73/5/145 1173/6/146 74/7/147
f 1173/6/146 1174/8/148 74/7/147
f 74/7/147 1174/8/148 75/9/149
f 1174/8/148 1175/10/150 75/9/149
f 75/9/149 1175/10/150 76/11/151
f 1175/10/150 1176/12/152 76/11/151
f 76/11/151 1176/12/152 77/13/153
f 1176/12/152 1177/14/154 77/13/153
f 77/13/153 1177/14/154 78/15/155
f 1177/14/154 1178/16/156 78/15/155
f 78/15/155 1178/16/156 79/17/157
f 1178/16/156 1179/18/158 79/17/157
f 79/17/157 1179/18/158 80/19/159
f 1179/18/158 1180/20/160 80/19/159
f 80/19/159 1180/20/160 81/21/161
f 1180/20/160 1181/22/162 81/21/161
f 81/1/161 1181/2/162 82/3/163
f 1181/2/162 1182/4/164 82/3/163
f 82/3/163 1182/4/164 83/5/165
f 1182/4/164 1183/6/166 83/5/165
f 83/5/165 1183/6/166 84/7/167
f 1183/6/166 1184/8/168 84/7/167
f 84/7/167 1184/8/168 85/9/169
f 1184/8/168 1185/10/170 85/9/169
f 85/9/169 1185/10/170 86/11/171
f 1185/10/170 1186/12/172 86/11/171
f 86/11/171 1186/12/172 87/13/173
f 1186/12/172 1187/14/174 87/13/173
f 87/13/173 1187/14/174 88/15/175
f 1187/14/174 1188/16/176 88/15/175
f 88/15/175 1188/16/176 89/17/177
f 1188/16/176 1189/18/178 89/17/177
f 89/17/177 1189/18/178 90/19/179
f 1189/18/178 1190/20/180 90/19/179
f 90/19/179 1190/20/180 91/21/181
f 1190/20/180 1191/22/182 91/21/181
f 91/1/181 1191/2/182 92/3/183
f 1191/2/182 1192/4/184 92/3/183
f 92/3/183 1192/4/184 93/5/185
f 1192/4/184 1193/6/186 93/5/185
f 93/5/185 1193/6/186 94/7/187
f 1193/6/186 1194/8/188 94/7/187
f 94/7/187 1194/8/188 95/9/189
f 1194/8/188 1195/10/190 95/9/189
f 95/9/189 1195/10/190 96/11/191
f 1195/10/190 1196/12/192 96/11/191
f 96/11/191 1196/12/192 97/13/193
f 1196/12/192 1197/14/194 97/13/193
f 97/13/193 1197/14/194 98/15/195
f 1197/14/194 1198/16/196 98/15/195
f 98/15/195 1198/16/196 99/17/197
f 1198/16/196 1199/18/198 99/17/197
f 99/17/197 1199/18/198 100/19/199
f 1199/18/198 1200/20/200 100/19/199
f 100/19/199 1200/20/200 101/21/201
f 1200/20/200 1201/22/202 101/21/201
f 101/1/201 1201/2/202 102/3/203
f 1201/2/202 1202/4/204 102/3/203
f 102/3/203 1202/4/204 103/5/205
f 1202/4/204 1203/6/206 103/5/205
f 103/5/205 1203/6/206 104/7/207
f 1203/6/206 1204/8/208 104/7/207
f 104/7/207 1204/8/208 105/9/209
f 1204/8/208 1205/10/210 105/9/209
f 105/9/209 1205/10/210 106/11/211
f 1205/10/210 1206/12/212 106/11/211
f 106/11/211 1206/12/212 107/13/213
f 1206/12/212 1207/14/214 107/13/213
f 107/13/213 1207/14/214 108/15/215
f 1207/14/214 1208/16/216 108/15/215
f 108/15/215 1208/16/216 109/17/217
f 1208/16/216 1209/18/218 109/17/217
f 109/17/217 1209/18/218 110/19/219
f 1209/18/218 1210/20/220 110/19/219
f 110/19/219 1210/20/220 111/21/221
f 1210/20/220 1211/22/222 111/21/221
f 111/1/221 1211/2/222 112/3/223
f 1211/2/222 1212/4/224 112/3/223
f 112/3/223 1212/4/224 113/5/225
f 1212/4/224 1213/6/226 113/5/225
f 113/5/225 1213/6/226 114/7/227
f 1213/6/226 1214/8/228 114/7/227
f 114/7/227 1214/8/228 115/9/229
f 1214/8/228 1215/10/230 115/9/229
f 115/9/229 1215/10/230 116/11/231
f 1215/10/230 1216/12/232 116/11/231
f 116/11/231 1216/12/232 117/13/233
f 1216/12/232 1217/14/234 117/13/233
f 117/13/233 1217/14/234 118/15/235
f 1217/14/234 1218/16/236 118/15/235
f 118/15/235 1218/16/236 119/17/237
f 1218/16/236 1219/18/238 119/17/237
f 119/17/237 1219/18/238 120/19/239
f 1219/18/238 1220/20/240 120/19/239
f 120/19/239 1220/20/240 121/21/241
f 1220/20/240 1221/22/242 121/21/241
f 121/1/241 1221/2/242 122/3/243
f 1221/2/242 1222/4/244 122/3/243
f 122/3/243 1222/4/244 123/5/245
f 1222/4/244 1223/6/246 123/5/245
f 123/5/245 1223/6/246 124/7/247
f 1223/6/246 1224/8/248 124/7/247
f 124/7/247 1224/8/248 125/9/249
f 1224/8/248 1225/10/250 125/9/249
f 125/9/249 1225/10/250 126/11/251
f 1225/10/250 1226/12/252 126/11/251
f 126/11/251 1226/12/252 127/13/253
f 1226/12/252 1227/14/254 127/13/253
f 127/13/253 1227/14/254 128/15/255
f 1227/14/254 1228/16/256 128/15/255
f 128/15/255 1228/16/256 129/17/257
f 1228/16/256 1229/18/258 129/17/257
f 129/17/257 1229/18/258 130/19/259
f 1229/18/258 1230/20/260 130/19/259
f 130/19/259 1230/20/260 131/21/261
f 1230/20/260 1231/22/262 131/21/261
f 131/1/261 1231/2/262 132/3/263
f 1231/2/262 1232/4/264 132/3/263
f 132/3/263 1232/4/264 133/5/265
f 1232/4/264 1233/6/266 133/5/265
f 133/5/265 1233/6/266 134/7/267
f 1233/6/266 1234/8/268 134/7/267
f 134/7/267 1234/8/268 135/9/269
f 1234/8/268 1235/10/270 135/9/269
f 135/9/269 1235/10/270 136/11/271
f 1235/10/270 1236/12/272 136/11/271
f 136/11/271 1236/12/272 137/13/273
f 1236/12/272 1237/14/274 137/13/273
f 137/13/273 1237/14/274 138/15/275
f 1237/14/274 1238/16/276 138/15/275
f 138/15/275 1238/16/276 139/17/277
f 1238/16/276 1239/18/278 139/17/277
f 139/17/277 1239/18/278 140/19/279
f 1239/18/278 1240/20/280 140/19/279
f 140/19/279 1240/20/280 141/21/281
f 1240/20/280 1241/22/282 141/21/281
f 141/1/281 1241/2/282 142/3/283
f 1241/2/282 1242/4/284 142/3/283
f 142/3/283 1242/4/284 143/5/285
f 1242/4/284 1243/6/286 143/5/285
f 143/5/285 1243/6/286 144/7/287
f 1243/6/286 1244/8/288 144/7/287
f 144/7/287 1244/8/288 145/9/289
f 1244/8/288 1245/10/290 145/9/289
f 145/9/289 1245/10/290 146/11/291
f 1245/10/290 1246/12/292 146/11/291
f 146/11/291 1246/12/292 147/13/293
f 1246/12/292 1247/14/294 147/13/293
f 147/13/293 1247/14/294 148/15/295
f 1247/14/294 1248/16/296 148/15/295
f 148/15/295 1248/16/296 149/17/297
f 1248/16/296 1249/18/298 149/17/297
f 149/17/297 1249/18/298 150/19/299
f 1249/18/298 1250/20/300 150/19/299
f 150/19/299 1250/20/300 151/21/301
f 1250/20/300 1251/22/302 151/21/301
f 151/1/301 1251/2/302 152/3/303
f 1251/2/302 1252/4/304 152/3/303
f 152/3/303 1252/4/304 153/5/305
f 1252/4/304 1253/6/306 153/5/305
f 153/5/305 1253/6/306 154/7/307
f 1253/6/306 1254/8/308 154/7/307
f 154/7/307 1254/8/308 155/9/309
f 1254/8/308 1255/10/310 155/9/309
f 155/9/309 1255/10/310 156/11/311
f 1255/10/310 1256/12/312 156/11/311
f 156/11/311 1256/12/312 157/13/313
f 1256/12/312 1257/14/314 157/13/313
f 157/13/313 1257/14/314 158/15/315
f 1257/14/314 1258/16/316 158/15/315
f 158/15/315 1258/16/316 159/17/317
f 1258/16/316 1259/18/318 159/17/317
f 159/17/317 1259/18/318 160/19/319
f 1259/18/318 1260/20/320 160/19/319
f 160/19/319 1260/20/320 161/21/321
f 1260/20/320 1261/22/322 161/21/321
f 161/1/321 1261/2/322 162/3/323
f 1261/2/322 1262/4/324 162/3/323
f 162/3/323 1262/4/324 163/5/325
f 1262/4/324 1263/6/326 163/5/325
f 163/5/325 1263/6/326 164/7/327
f 1263/6/326 1264/8/328 164/7/327
f 164/7/327 1264/8/328 165/9/329
f 1264/8/328 1265/10/330 165/9/329
f 165/9/329 1265/10/330 166/11/331
f 1265/10/330 1266/12/332 166/11/331
f 166/11/331 1266/12/332 167/13/333
f 1266/12/332 1267/14/334 167/13/333
f 167/13/333 1267/14/334 168/15/335
f 1267/14/334 1268/16/336 168/15/335
f 168/15/335 1268/16/336 169/17/337
f 1268/16/336 1269/18/338 169/17/337
f 169/17/337 1269/18/338 170/19/339
f 1269/18/338 1270/20/340 170/19/339
f 170/19/339 1270/20/340 171/21/341
f 1270/20/340 1271/22/342 171/21/341
f 171/1/341 1271/2/342 172/3/343
f 1271/2/342 1272/4/344 172/3/343
f 172/3/343 1272/4/344 173/5/345
f 1272/4/344 1273/6/346 173/5/345
f 173/5/345 1273/6/346 174/7/347
f 1273/6/346 1274/8/348 174/7/347
f 174/7/347 1274/8/348 175/9/349
f 1274/8/348 1275/10/350 175/9/349
f 175/9/349 1275/10/350 176/11/351
f 1275/10/350 1276/12/352 176/11/351
f 176/11/351 1276/12/352 177/13/353
f 1276/12/352 1277/14/354 177/13/353
f 177/13/353 1277/14/354 178/15/355
f 1277/14/354 1278/16/356 178/15/355
f 178/15/355 1278/16/356 179/17/357
f 1278/16/356 1279/18/358 179/17/357
f 179/17/357 1279/18/358 180/19/359
f 1279/18/358 1280/20/360 180/19/359
f 180/19/359 1280/20/360 181/21/361
f 1280/20/360 1281/22/362 181/21/361
f 181/1/361 1281/2/362 182/3/363
f 1281/2/362 1282/4/364 182/3/363
f 182/3/363 1282/4/364 183/5/365
f 1282/4/364 1283/6/366 183/5/365
f 183/5/365 1283/6/366 184/7/367
f 1283/6/366 1284/8/368 184/7/367
f 184/7/367 1284/8/368 185/9/369
f 1284/8/368 1285/10/370 185/9/369
f 185/9/369 1285/10/370 186/11/371
f 1285/10/370 1286/12/372 186/11/371
f 186/11/371 1286/12/372 187/13/373
f 1286/12/372 1287/14/374 187/13/373
f 187/13/373 1287/14/374 188/15/375
f 1287/14/374 1288/16/376 188/15/375
f 188/15/375 1288/16/376 189/17/377
f 1288/16/376 1289/18/378 189/17/377
f 189/17/377 1289/18/378 190/19/379
f 1289/18/378 1290/20/380 190/19/379
f 190/19/379 1290/20/380 191/21/381
f 1290/20/380 1291/22/382 191/21/381
f 191/1/381 1291/2/382 192/3/383
f 1291/2/382 1292/4/384 192/3/383
f 192/3/383 1292/4/384 193/5/385
f 1292/4/384 1293/6/386 193/5/385
f 193/5/385 1293/6/386 194/7/387
f 1293/6/386 1294/8/388 194/7/387
f 194/7/387 1294/8/388 195/9/389
f 1294/8/388 1295/10/390 195/9/389
f 195/9/389 1295/10/390 196/11/391
f 1295/10/390 1296/12/392 196/11/391
f 196/11/391 1296/12/392 197/13/393
f 1296/12/392 1297/14/394 197/13/393
f 197/13/393 1297/14/394 198/15/395
f 1297/14/394 1298/16/396 198/15/395
f 198/15/395 1298/16/396 199/17/397
f 1298/16/396 1299/18/398 199/17/397
f 199/17/397 1299/18/398 200/19/399
f 1299/18/398 1300/20/400 200/19/399
f 200/19/399 1300/20/400 201/21/401
f 1300/20/400 1301/22/402 201/21/401
f 201/1/401 1301/2/402 202/3/403
f 1301/2/402 1302/4/404 202/3/403
f 202/3/403 1302/4/404 203/5/405
f 1302/4/404 1303/6/406 203/5/405
f 203/5/405 1303/6/406 204/7/407
f 1303/6/406 1304/8/408 204/7/407
f 204/7/407 1304/8/408 205/9/409
f 1304/8/408 1305/10/410 205/9/409
f 205/9/409 1305/10/410 206/11/411
f 1305/10/410 1306/12/412 206/11/411
f 206/11/411 1306/12/412 207/13/413
f 1306/12/412 1307/14/414 207/13/413
f 207/13/413 1307/14/414 208/15/415
f 1307/14/414 1308/16/416 208/15/415
f 208/15/415 1308/16/416 209/17/417
f 1308/16/416 1309/18/418 209/17/417
f 209/17/417 1309/18/418 210/19/419
f 1309/18/418 1310/20/420 210/19/419
f 210/19/419 1310/20/420 211/21/421
f 1310/20/420 1311/22/422 211/21/421
f 211/1/421 1311/2/422 212/3/423
f 1311/2/422 1312/4/424 212/3/423
f 212/3/423 1312/4/424 213/5/425
f 1312/4/424 1313/6/426 213/5/425
f 213/5/425 1313/6/426 214/7/427
f 1313/6/426 1314/8/428 214/7/427
f 214/7/427 1314/8/428 215/9/429
f 1314/8/428 1315/10/430 215/9/429
f 215/9/429 1315/10/430 216/11/431
f 1315/10/430 1316/12/432 216/11/431
f 216/11/431 1316/12/432 217/13/433
f 1316/12/432 1317/14/434 217/13/433
f 217/13/433 1317/14/434 218/15/435
f 1317/14/434 1318/16/436 218/15/435
f 218/15/435 1318/16/436 219/17/437
f 1318/16/436 1319/18/438 219/17/437
f 219/17/437 1319/18/438 220/19/439
f 1319/18/438 1320/20/440 220/19/439
f 220/19/439 1320/20/440 221/21/441
f 1320/20/440 1321/22/442 221/21/441
f 221/1/441 1321/2/442 222/3/443
f 1321/2/442 1322/4/444 222/3/443
f 222/3/443 1322/4/444 223/5/445
f 1322/4/444 1323/6/446 223/5/445
f 223/5/445 1323/6/446 224/7/447
f 1323/6/446 1324/8/448 224/7/447
f 224/7/447 1324/8/448 225/9/449
f 1324/8/448 1325/10/450 225/9/449
f 225/9/449 1325/10/450 226/11/451
f 1325/10/450 1326/12/452 226/11/451
f 226/11/451 1326/12/452 227/13/453
f 1326/12/452 1327/14/454 227/13/453
f 227/13/453 1327/14/454 228/15/455
f 1327/14/454 1328/16/456 228/15/455
f 228/15/455 1328/16/456 229/17/457
f 1328/16/456 1329/18/458 229/17/457
f 229/17/457 1329/18/458 230/19/459
f 1329/18/458 1330/20/460 230/19/459
f 230/19/459 1330/20/460 231/21/461
f 1330/20/460 1331/22/462 231/21/461
f 231/1/461 1331/2/462 232/3/463
f 1331/2/462 1332/4/464 232/3/463
f 232/3/463 1332/4/464 233/5/465
f 1332/4/464 1333/6/466 233/5/465
f 233/5/465 1333/6/466 234/7/467
f 1333/6/466 1334/8/468 234/7/467
f 234/7/467 1334/8/468 235/9/469
f 1334/8/468 1335/10/470 235/9/469
f 235/9/469 1335/10/470 236/11/471
f 1335/10/470 1336/12/472 236/11/471
f 236/11/471 1336/12/472 237/13/473
f 1336/12/472 1337/14/474 237/13/473
f 237/13/473 1337/14/474 238/15/475
f 1337/14/474 1338/16/476 238/15/475
f 238/15/475 1338/16/476 239/17/477
f 1338/16/476 1339/18/478 239/17/477
f 239/17/477 1339/18/478 240/19/479
f 1339/18/478 1340/20/480 240/19/479
f 240/19/479 1340/20/480 241/21/481
f 1340/20/480 1341/22/482 241/21/481
f 241/1/481 1341/2/482 242/3/483
f 1341/2/482 1342/4/484 242/3/483
f 242/3/483 1342/4/484 243/5/485
f 1342/4/484 1343/6/486 243/5/485
f 243/5/485 1343/6/486 244/7/487
f 1343/6/486 1344/8/488 244/7/487
f 244/7/487 1344/8/488 245/9/489
f 1344/8/488 1345/10/490 245/9/489
f 245/9/489 1345/10/490 246/11/491
f 1345/10/490 1346/12/492 246/11/491
f 246/11/491 1346/12/492 247/13/493
f 1346/12/492 1347/14/494 247/13/493
f 247/13/493 1347/14/494 248/15/495
f 1347/14/494 1348/16/496 248/15/495
f 248/15/495 1348/16/496 249/17/497
f 1348/16/496 1349/18/498 249/17/497
f 249/17/497 1349/18/498 250/19/499
f 1349/18/498 1350/20/500 250/19/499
f 250/19/499 1350/20/500 251/21/501
f 1350/20/500 1351/22/502 251/21/501
f 251/1/501 1351/2/502 252/3/503
f 1351/2/502 1352/4/504 252/3/503
f 252/3/503 1352/4/504 253/5/505
f 1352/4/504 1353/6/506 253/5/505
f 253/5/505 1353/6/506 254/7/507
f 1353/6/506 1354/8/508 254/7/507
f 254/7/507 1354/8/508 255/9/509
f 1354/8/508 1355/10/510 255/9/509
f 255/9/509 1355/10/510 256/11/511
f 1355/10/510 1356/12/512 256/11/511
f 256/11/511 1356/12/512 257/13/513
f 1356/12/512 1357/14/514 257/13/513
f 257/13/513 1357/14/514 258/15/515
f 1357/14/514 1358/16/516 258/15/515
f 258/15/515 1358/16/516 259/17/517
f 1358/16/516 1359/18/518 259/17/517
f 259/17/517 1359/18/518 260/19/519
f 1359/18/518 1360/20/520 260/19/519
f 260/19/519 1360/20/520 261/21/521
f 1360/20/520 1361/22/522 261/21/521
f 261/1/521 1361/2/522 262/3/523
f 1361/2/522 1362/4/524 262/3/523
f 262/3/523 1362/4/524 263/5/525
f 1362/4/524 1363/6/526 263/5/525
f 263/5/525 1363/6/526 264/7/527
f 1363/6/526 1364/8/528 264/7/527
f 264/7/527 1364/8/528 265/9/529
f 1364/8/528 1365/10/530 265/9/529
f 265/9/529 1365/10/530 266/11/531
f 1365/10/530 1366/12/532 266/11/531
f 266/11/531 1366/12/532 267/13/533
f 1366/12/532 1367/14/534 267/13/533
f 267/13/533 1367/14/534 268/15/535
f 1367/14/534 1368/16/536 268/15/535
f 268/15/535 1368/16/536 269/17/537
f 1368/16/536 1369/18/538 269/17/537
f 269/17/537 1369/18/538 270/19/539
f 1369/18/538 1370/20/540 270/19/539
f 270/19/539 1370/20/540 271/21/541
f 1370/20/540 1371/22/542 271/21/541
f 271/1/541 1371/2/542 272/3/543
f 1371/2/542 1372/4/544 272/3/543
f 272/3/543 1372/4/544 273/5/545
f 1372/4/544 1373/6/546 273/5/545
f 273/5/545 1373/6/546 274/7/547
f 1373/6/546 1374/8/548 274/7/547
f 274/7/547 1374/8/548 275/9/549
f 1374/8/548 1375/10/550 275/9/549
f 275/9/549 1375/10/550 276/11/551
f 1375/10/550 1376/12/552 276/11/551
f 276/11/551 1376/12/552 277/13/553
f 1376/12/552 1377/14/554 277/13/553
f 277/13/553 1377/14/554 278/15/555
f 1377/14/554 1378/16/556 278/15/555
f 278/15/555 1378/16/556 279/17/557
f 1378/16/556 1379/18/558 279/17/557
f 279/17/557 1379/18/558 280/19/559
f 1379/18/558 1380/20/560 280/19/559
f 280/19/559 1380/20/560 281/21/561
f 1380/20/560 1381/22/562 281/21/561
f 281/1/561 1381/2/562 282/3/563
f 1381/2/562 1382/4/564 282/3/563
f 282/3/563 1382/4/564 283/5/565
f 1382/4/564 1383/6/566 283/5/565
f 283/5/565 1383/6/566 284/7/567
f 1383/6/566 1384/8/568 284/7/567
f 284/7/567 1384/8/568 285/9/569
f 1384/8/568 1385/10/570 285/9/569
f 285/9/569 1385/10/570 286/11/571
f 1385/10/570 1386/12/572 286/11/571
f 286/11/571 1386/12/572 287/13/573
f 1386/12/572 1387/14/574 287/13/573
f 287/13/573 1387/14/574 288/15/575
f 1387/14/574 1388/16/576 288/15/575
f 288/15/575 1388/16/576 289/17/577
f 1388/16/576 1389/18/578 289/17/577
f 289/17/577 1389/18/578 290/19/579
f 1389/18/578 1390/20/580 290/19/579
f 290/19/579 1390/20/580 291/21/581
f 1390/20/580 1391/22/582 291/21/581
f 291/1/581 1391/2/582 292/3/583
f 1391/2/582 1392/4/584 292/3/583
f 292/3/583 1392/4/584 293/5/585
f 1392/4/584 1393/6/586 293/5/585
f 293/5/585 1393/6/586 294/7/587
f 1393/6/586 1394/8/588 294/7/587
f 294/7/587 1394/8/588 295/9/589
f 1394/8/588 1395/10/590 295/9/589
f 295/9/589 1395/10/590 296/11/591
f 1395/10/590 1396/12/592 296/11/591
f 296/11/591 1396/12/592 297/13/593
f 1396/12/592 1397/14/594 297/13/593
f 297/13/593 1397/14/594 298/15/595
f 1397/14/594 1398/16/596 298/15/595
f 298/15/595 1398/16/596 299/17/597
f 1398/16/596 1399/18/598 299/17/597
f 299/17/597 1399/18/598 300/19/599
f 1399/18/598 1400/20/600 300/19/599
f 300/19/599 1400/20/600 301/21/601
f 1400/20/600 1401/22/602 301/21/601
f 301/1/601 1401/2/602 302/3/603
f 1401/2/602 1402/4/604 302/3/603
f 302/3/603 1402/4/604 303/5/605
f 1402/4/604 1403/6/606 303/5/605
f 303/5/605 1403/6/606 304/7/607
f 1403/6/606 1404/8/608 304/7/607
f 304/7/607 1404/8/608 305/9/609
f 1404/8/608 1405/10/610 305/9/609
f 305/9/609 1405/10/610 306/11/611
f 1405/10/610 1406/12/612 306/11/611
f 306/11/611 1406/12/612 307/13/613
f 1406/12/612 1407/14/614 307/13/613
f 307/13/613 1407/14/614 308/15/615
f 1407/14/614 1408/16/616 308/15/615
f 308/15/615 1408/16/616 309/17/617
f 1408/16/616 1409/18/618 309/17/617
f 309/17/617 1409/18/618 310/19/619
f 1409/18/618 1410/20/620 310/19/619
f 310/19/619 1410/20/620 311/21/621
f 1410/20/620 1411/22/622 311/21/621
f 311/1/621 1411/2/622 312/3/623
f 1411/2/622 1412/4/624 312/3/623
f 312/3/623 1412/4/624 313/5/625
f 1412/4/624 1413/6/626 313/5/625
f 313/5/625 1413/6/626 314/7/627
f 1413/6/626 1414/8/628 314/7/627
f 314/7/627 1414/8/628 315/9/629
f 1414/8/628 1415/10/630 315/9/629
f 315/9/629 1415/10/630 316/11/631
f 1415/10/630 1416/12/632 316/11/631
f 316/11/631 1416/12/632 317/13/633
f 1416/12/632 1417/14/634 317/13/633
f 317/13/633 1417/14/634 318/15/635
f 1417/14/634 1418/16/636 318/15/635
f 318/15/635 1418/16/636 319/17/637
f 1418/16/636 1419/18/638 319/17/637
f 319/17/637 1419/18/638 320/19/639
f 1419/18/638 1420/20/640 320/19/639
f 320/19/639 1420/20/640 321/21/641
f 1420/20/640 1421/22/642 321/21/641
f 321/1/641 1421/2/642 322/3/643
f 1421/2/642 1422/4/644 322/3/643
f 322/3/643 1422/4/644 323/5/645
f 1422/4/644 1423/6/646 323/5/645
f 323/5/645 1423/6/646 324/7/647
f 1423/6/646 1424/8/648 324/7/647
f 324/7/647 1424/8/648 325/9/649
f 1424/8/648 1425/10/650 325/9/649
f 325/9/649 1425/10/650 326/11/651
f 1425/10/650 1426/12/652 326/11/651
f 326/11/651 1426/12/652 327/13/653
f 1426/12/652 1427/14/654 327/13/653
f 327/13/653 1427/14/654 328/15/655
f 1427/14/654 1428/16/656 328/15/655
f 328/15/655 1428/16/656 329/17/657
f 1428/16/656 1429/18/658 329/17/657
f 329/17/657 1429/18/658 330/19/659
f 1429/18/658 1430/20/660 330/19/659
f 330/19/659 1430/20/660 331/21/661
f 1430/20/660 1431/22/662 331/21/661
f 331/1/661 1431/2/662 332/3/663
f 1431/2/662 1432/4/664 332/3/663
f 332/3/663 1432/4/664 333/5/665
f 1432/4/664 1433/6/666 333/5/665
f 333/5/665 1433/6/666 334/7/667
f 1433/6/666 1434/8/668 334/7/667
f 334/7/667 1434/8/668 335/9/669
f 1434/8/668 1435/10/670 335/9/669
f 335/9/669 1435/10/670 336/11/671
f 1435/10/670 1436/12/672 336/11/671
f 336/11/671 1436/12/672 337/13/673
f 1436/12/672 1437/14/674 337/13/673
f 337/13/673 1437/14/674 338/15/675
f 1437/14/674 1438/16/676 338/15/675
f 338/15/675 1438/16/676 339/17/677
f 1438/16/676 1439/18/678 339/17/677
f 339/17/677 1439/18/678 340/19/679
f 1439/18/678 1440/20/680 340/19/679
f 340/19/679 1440/20/680 341/21/681
f 1440/20/680 1441/22/682 341/21/681
f 341/1/681 1441/2/682 342/3/683
f 1441/2/682 1442/4/684 342/3/683
f 342/3/683 1442/4/684 343/5/685
f 1442/4/684 1443/6/686 343/5/685
f 343/5/685 1443/6/686 344/7/687
f 1443/6/686 1444/8/688 344/7/687
f 344/7/687 1444/8/688 345/9/689
f 1444/8/688 1445/10/690 345/9/689
f 345/9/689 1445/10/690 346/11/691
f 1445/10/690 1446/12/692 346/11/691
f 346/11/691 1446/12/692 347/13/693
f 1446/12/692 1447/14/694 347/13/693
f 347/13/693 1447/14/694 348/15/695
f 1447/14/694 1448/16/696 348/15/695
f 348/15/695 1448/16/696 349/17/697
f 1448/16/696 1449/18/698 349/17/697
f 349/17/697 1449/18/698 350/19/699
f 1449/18/698 1450/20/700 350/19/699
f 350/19/699 1450/20/700 351/21/701
f 1450/20/700 1451/22/702 351/21/701
f 351/1/701 1451/2/702 352/3/703
f 1451/2/702 1452/4/704 352/3/703
f 352/3/703 1452/4/704 353/5/705
f 1452/4/704 1453/6/706 353/5/705
f 353/5/705 1453/6/706 354/7/707
f 1453/6/706 1454/8/708 354/7/707
f 354/7/707 1454/8/708 355/9/709
f 1454/8/708 1455/10/710 355/9/709
f 355/9/709 1455/10/710 356/11/711
f 1455/10/710 1456/12/712 356/11/711
f 356/11/711 1456/12/712 357/13/713
f 1456/12/712 1457/14/714 357/13/713
f 357/13/713 1457/14/714 358/15/715
f 1457/14/714 1458/16/716 358/15/715
f 358/15/715 1458/16/716 359/17/717
f 1458/16/716 1459/18/718 359/17/717
f 359/17/717 1459/18/718 360/19/719
f 1459/18/718 1460/20/720 360/19/719
f 360/19/719 1460/20/720 361/21/721
f 1460/20/720 1461/22/722 361/21/721
f 361/1/721 1461/2/722 362/3/723
f 1461/2/722 1462/4/724 362/3/723
f 362/3/723 1462/4/724 363/5/725
f 1462/4/724 1463/6/726 363/5/725
f 363/5/725 1463/6/726 364/7/727
f 1463/6/726 1464/8/728 364/7/727
f 364/7/727 1464/8/728 365/9/729
f 1464/8/728 1465/10/730 365/9/729
f 365/9/729 1465/10/730 366/11/731
f 1465/10/730 1466/12/732 366/11/731
f 366/11/731 1466/12/732 367/13/733
f 1466/12/732 1467/14/734 367/13/733
f 367/13/733 1467/14/734 368/15/735
f 1467/14/734 1468/16/736 368/15/735
f 368/15/735 1468/16/736 369/17/737
f 1468/16/736 1469/18/738 369/17/737
f 369/17/737 1469/18/738 370/19/739
f 1469/18/738 1470/20/740 370/19/739
f 370/19/739 1470/20/740 371/21/741
f 1470/20/740 1471/22/742 371/21/741
f 371/1/741 1471/2/742 372/3/743
f 1471/2/742 1472/4/744 372/3/743
f 372/3/743 1472/4/744 373/5/745
f 1472/4/744 1473/6/746 373/5/745
f 373/5/745 1473/6/746 374/7/747
f 1473/6/746 1474/8/748 374/7/747
f 374/7/747 1474/8/748 375/9/749
f 1474/8/748 1475/10/750 375/9/749
f 375/9/749 1475/10/750 376/11/751
f 1475/10/750 1476/12/752 376/11/751
f 376/11/751 1476/12/752 377/13/753
f 1476/12/752 1477/14/754 377/13/753
f 377/13/753 1477/14/754 378/15/755
f 1477/14/754 1478/16/756 378/15/755
f 378/15/755 1478/16/756 379/17/757
f 1478/16/756 1479/18/758 379/17/757
f 379/17/757 1479/18/758 380/19/759
f 1479/18/758 1480/20/760 380/19/759
f 380/19/759 1480/20/760 381/21/761
f 1480/20/760 1481/22/762 381/21/761
f 381/1/761 1481/2/762 382/3/763
f 1481/2/762 1482/4/764 382/3/763
f 382/3/763 1482/4/764 383/5/765
f 1482/4/764 1483/6/766 383/5/765
f 383/5/765 1483/6/766 384/7/767
f 1483/6/766 1484/8/768 384/7/767
f 384/7/767 1484/8/768 385/9/769
f 1484/8/768 1485/10/770 385/9/769
f 385/9/769 1485/10/770 386/11/771
f 1485/10/770 1486/12/772 386/11/771
f 386/11/771 1486/12/772 387/13/773
f 1486/12/772 1487/14/774 387/13/773
f 387/13/773 1487/14/774 388/15/775
f 1487/14/774 1488/16/776 388/15/775
f 388/15/775 1488/16/776 389/17/777
f 1488/16/776 1489/18/778 389/17/777
f 389/17/777 1489/18/778 390/19/779
f 1489/18/778 1490/20/780 390/19/779
f 390/19/779 1490/20/780 391/21/781
f 1490/20/780 1491/22/782 391/21/781
f 391/1/781 1491/2/782 392/3/783
f 1491/2/782 1492/4/784 392/3/783
f 392/3/783 1492/4/784 393/5/785
f 1492/4/784 1493/6/786 393/5/785
f 393/5/785 1493/6/786 394/7/787
f 1493/6/786 1494/8/788 394/7/787
f 394/7/787 1494/8/788 395/9/789
f 1494/8/788 1495/10/790 395/9/789
f 395/9/789 1495/10/790 396/11/791
f 1495/10/790 1496/12/792 396/11/791
f 396/11/791 1496/12/792 397/13/793
f 1496/12/792 1497/14/794 397/13/793
f 397/13/793 1497/14/794 398/15/795
f 1497/14/794 1498/16/796 398/15/795
f 398/15/795 1498/16/796 399/17/797
f 1498/16/796 1499/18/798 399/17/797
f 399/17/797 1499/18/798 400/19/799
f 1499/18/798 1500/20/800 400/19/799
f 400/19/799 1500/20/800 401/21/801
f 1500/20/800 1501/22/802 401/21/801
f 401/1/801 1501/2/802 402/3/803
f 1501/2/802 1502/4/804 402/3/803
f 402/3/803 1502/4/804 403/5/805
f 1502/4/804 1503/6/806 403/5/805
f 403/5/805 1503/6/806 404/7/807
f 1503/6/806 1504/8/808 404/7/807
f 404/7/807 1504/8/808 405/9/809
f 1504/8/808 1505/10/810 405/9/809
f 405/9/809 1505/10/810 406/11/811
f 1505/10/810 1506/12/812 406/11/811
f 406/11/811 1506/12/812 407/13/813
f 1506/12/812 1507/14/814 407/13/813
f 407/13/813 1507/14/814 408/15/815
f 1507/14/814 1508/16/816 408/15/815
f 408/15/815 1508/16/816 409/17/817
f 1508/16/816 1509/18/818 409/17/817
f 409/17/817 1509/18/818 410/19/819
f 1509/18/818 1510/20/820 410/19/819
f 410/19/819 1510/20/820 411/21/821
f 1510/20/820 1511/22/822 411/21/821
f 411/1/821 1511/2/822 412/3/823
f 1511/2/822 1512/4/824 412/3/823
f 412/3/823 1512/4/824 413/5/825
f 1512/4/824 1513/6/826 413/5/825
f 413/5/825 1513/6/826 414/7/827
f 1513/6/826 1514/8/828 414/7/827
f 414/7/827 1514/8/828 415/9/829
f 1514/8/828 1515/10/830 415/9/829
f 415/9/829 1515/10/830 416/11/831
f 1515/10/830 1516/12/832 416/11/831
f 416/11/831 1516/12/832 417/13/833
f 1516/12/832 1517/14/834 417/13/833
f 417/13/833 1517/14/834 418/15/835
f 1517/14/834 1518/16/836 418/15/835
f 418/15/835 1518/16/836 419/17/837
f 1518/16/836 1519/18/838 419/17/837
f 419/17/837 1519/18/838 420/19/839
f 1519/18/838 1520/20/840 420/19/839
f 420/19/839 1520/20/840 421/21/841
f 1520/20/840 1521/22/842 421/21/841
f 421/1/841 1521/2/842 422/3/843
f 1521/2/842 1522/4/844 422/3/843
f 422/3/843 1522/4/844 423/5/845
f 1522/4/844 1523/6/846 423/5/845
f 423/5/845 1523/6/846 424/7/847
f 1523/6/846 1524/8/848 424/7/847
f 424/7/847 1524/8/848 425/9/849
f 1524/8/848 1525/10/850 425/9/849
f 425/9/849 1525/10/850 426/11/851
f 1525/10/850 1526/12/852 426/11/851
f 426/11/851 1526/12/852 427/13/853
f 1526/12/852 1527/14/854 427/13/853
f 427/13/853 1527/14/854 428/15/855
f 1527/14/854 1528/16/856 428/15/855
f 428/15/855 1528/16/856 429/17/857
f 1528/16/856 1529/18/858 429/17/857
f 429/17/857 1529/18/858 430/19/859
f 1529/18/858 1530/20/860 430/19/859
f 430/19/859 1530/20/860 431/21/861
f 1530/20/860 1531/22/862 431/21/861
f 431/1/861 1531/2/862 432/3/863
f 1531/2/862 1532/4/864 432/3/863
f 432/3/863 1532/4/864 433/5/865
f 1532/4/864 1533/6/866 433/5/865
f 433/5/865 1533/6/866 434/7/867
f 1533/6/866 1534/8/868 434/7/867
f 434/7/867 1534/8/868 435/9/869
f 1534/8/868 1535/10/870 435/9/869
f 435/9/869 1535/10/870 436/11/871
f 1535/10/870 1536/12/872 436/11/871
f 436/11/871 1536/12/872 437/13/873
f 1536/12/872 1537/14/874 437/13/873
f 437/13/873 1537/14/874 438/15/875
f 1537/14/874 1538/16/876 438/15/875
f 438/15/875 1538/16/876 439/17/877
f 1538/16/876 1539/18/878 439/17/877
f 439/17/877 1539/18/878 440/19/879
f 1539/18/878 1540/20/880 440/19/879
f 440/19/879 1540/20/880 441/21/881
f 1540/20/880 1541/22/882 441/21/881
f 441/1/881 1541/2/882 442/3/883
f 1541/2/882 1542/4/884 442/3/883
f 442/3/883 1542/4/884 443/5/885
f 1542/4/884 1543/6/886 443/5/885
f 443/5/885 1543/6/886 444/7/887
f 1543/6/886 1544/8/888 444/7/887
f 444/7/887 1544/8/888 445/9/889
f 1544/8/888 1545/10/890 445/9/889
f 445/9/889 1545/10/890 446/11/891
f 1545/10/890 1546/12/892 446/11/891
f 446/11/891 1546/12/892 447/13/893
f 1546/12/892 1547/14/894 447/13/893
f 447/13/893 1547/14/894 448/15/895
f 1547/14/894 1548/16/896 448/15/895
f 448/15/895 1548/16/896 449/17/897
f 1548/16/896 1549/18/898 449/17/897
f 449/17/897 1549/18/898 450/19/899
f 1549/18/898 1550/20/900 450/19/899
f 450/19/899 1550/20/900 451/21/901
f 1550/20/900 1551/22/902 451/21/901
f 451/1/901 1551/2/902 452/3/903
f 1551/2/902 1552/4/904 452/3/903
f 452/3/903 1552/4/904 453/5/905
f 1552/4/904 1553/6/906 453/5/905
f 453/5/905 1553/6/906 454/7/907
f 1553/6/906 1554/8/908 454/7/907
f 454/7/907 1554/8/908 455/9/909
f 1554/8/908 1555/10/910 455/9/909
f 455/9/909 1555/10/910 456/11/911
f 1555/10/910 1556/12/912 456/11/911
f 456/11/911 1556/12/912 457/13/913
f 1556/12/912 1557/14/914 457/13/913
f 457/13/913 1557/14/914 458/15/915
f 1557/14/914 1558/16/916 458/15/915
f 458/15/915 1558/16/916 459/17/917
f 1558/16/916 1559/18/918 459/17/917
f 459/17/917 1559/18/918 460/19/919
f 1559/18/918 1560/20/920 460/19/919
f 460/19/919 1560/20/920 461/21/921
f 1560/20/920 1561/22/922 461/21/921
f 461/1/921 1561/2/922 462/3/923
f 1561/2/922 1562/4/924 462/3/923
f 462/3/923 1562/4/924 463/5/925
f 1562/4/924 1563/6/926 463/5/925
f 463/5/925 1563/6/926 464/7/927
f 1563/6/926 1564/8/928 464/7/927
f 464/7/927 1564/8/928 465/9/929
f 1564/8/928 1565/10/930 465/9/929
f 465/9/929 1565/10/930 466/11/931
f 1565/10/930 1566/12/932 466/11/931
f 466/11/931 1566/12/932 467/13/933
f 1566/12/932 1567/14/934 467/13/933
f 467/13/933 1567/14/934 468/15/935
f 1567/14/934 1568/16/936 468/15/935
f 468/15/935 1568/16/936 469/17/937
f 1568/16/936 1569/18/938 469/17/937
f 469/17/937 1569/18/938 470/19/939
f 1569/18/938 1570/20/940 470/19/939
f 470/19/939 1570/20/940 471/21/941
f 1570/20/940 1571/22/942 471/21/941
f 471/1/941 1571/2/942 472/3/943
f 1571/2/942 1572/4/944 472/3/943
f 472/3/943 1572/4/944 473/5/945
f 1572/4/944 1573/6/946 473/5/945
f 473/5/945 1573/6/946 474/7/947
f 1573/6/946 1574/8/948 474/7/947
f 474/7/947 1574/8/948 475/9/949
f 1574/8/948 1575/10/950 475/9/949
f 475/9/949 1575/10/950 476/11/951
f 1575/10/950 1576/12/952 476/11/951
f 476/11/951 1576/12/952 477/13/953
f 1576/12/952 1577/14/954 477/13/953
f 477/13/953 1577/14/954 478/15/955
f 1577/14/954 1578/16/956 478/15/955
f 478/15/955 1578/16/956 479/17/957
f 1578/16/956 1579/18/958 479/17/957
f 479/17/957 1579/18/958 480/19/959
f 1579/18/958 1580/20/960 480/19/959
f 480/19/959 1580/20/960 481/21/961
f 1580/20/960 1581/22/962 481/21/961
f 481/1/961 1581/2/962 482/3/963
f 1581/2/962 1582/4/964 482/3/963
f 482/3/963 1582/4/964 483/5/965
f 1582/4/964 1583/6/966 483/5/965
f 483/5/965 1583/6/966 484/7/967
f 1583/6/966 1584/8/968 484/7/967
f 484/7/967 1584/8/968 485/9/969
f 1584/8/968 1585/10/970 485/9/969
f 485/9/969 1585/10/970 486/11/971
f 1585/10/970 1586/12/972 486/11/971
f 486/11/971 1586/12/972 487/13/973
f 1586/12/972 1587/14/974 487/13/973
f 487/13/973 1587/14/974 488/15/975
f 1587/14/974 1588/16/976 488/15/975
f 488/15/975 1588/16/976 489/17/977
f 1588/16/976 1589/18/978 489/17/977
f 489/17/977 1589/18/978 490/19/979
f 1589/18/978 1590/20/980 490/19/979
f 490/19/979 1590/20/980 491/21/981
f 1590/20/980 1591/22/982 491/21/981
f 491/1/981 1591/2/982 492/3/983
f 1591/2/982 1592/4/984 492/3/983
f 492/3/983 1592/4/984 493/5/985
f 1592/4/984 1593/6/986 493/5/985
f 493/5/985 1593/6/986 494/7/987
f 1593/6/986 1594/8/988 494/7/987
f 494/7/987 1594/8/988 495/9/989
f 1594/8/988 1595/10/990 495/9/989
f 495/9/989 1595/10/990 496/11/991
f 1595/10/990 1596/12/992 496/11/991
f 496/11/991 1596/12/992 497/13/993
f 1596/12/992 1597/14/994 497/13/993
f 497/13/993 1597/14/994 498/15/995
f 1597/14/994 1598/16/996 498/15/995
f 498/15/995 1598/16/996 499/17/997
f 1598/16/996 1599/18/998 499/17/997
f 499/17/997 1599/18/998 500/19/999
f 1599/18/998 1600/20/1000 500/19/999
f 500/19/999 1600/20/1000 501/21/1001
f 1600/20/1000 1601/22/1002 501/21/1001
f 501/1/1001 1601/2/1002 502/3/1003
f 1601/2/1002 1602/4/1004 502/3/1003
f 502/3/1003 1602/4/1004 503/5/1005
f 1602/4/1004 1603/6/1006 503/5/1005
f 503/5/1005 1603/6/1006 504/7/1007
f 1603/6/1006 1604/8/1008 504/7/1007
f 504/7/1007 1604/8/1008 505/9/1009
f 1604/8/1008 1605/10/1010 505/9/1009
f 505/9/1009 1605/10/1010 506/11/1011
f 1605/10/1010 1606/12/1012 506/11/1011
f 506/11/1011 1606/12/1012 507/13/1013
f 1606/12/1012 1607/14/1014 507/13/1013
f 507/13/1013 1607/14/1014 508/15/1015
f 1607/14/1014 1608/16/1016 508/15/1015
f 508/15/1015 1608/16/1016 509/17/1017
f 1608/16/1016 1609/18/1018 509/17/1017
f 509/17/1017 1609/18/1018 510/19/1019
f 1609/18/1018 1610/20/1020 510/19/1019
f 510/19/1019 1610/20/1020 511/21/1021
f 1610/20/1020 1611/22/1022 511/21/1021
f 511/1/1021 1611/2/1022 512/3/1023
f 1611/2/1022 1612/4/1024 512/3/1023
f 512/3/1023 1612/4/1024 513/5/1025
f 1612/4/1024 1613/6/1026 513/5/1025
f 513/5/1025 1613/6/1026 514/7/1027
f 1613/6/1026 1614/8/1028 514/7/1027
f 514/7/1027 1614/8/1028 515/9/1029
f 1614/8/1028 1615/10/1030 515/9/1029
f 515/9/1029 1615/10/1030 516/11/1031
f 1615/10/1030 1616/12/1032 516/11/1031
f 516/11/1031 1616/12/1032 517/13/1033
f 1616/12/1032 1617/14/1034 517/13/1033
f 517/13/1033 1617/14/1034 518/15/1035
f 1617/14/1034 1618/16/1036 518/15/1035
f 518/15/1035 1618/16/1036 519/17/1037
f 1618/16/1036 1619/18/1038 519/17/1037
f 519/17/1037 1619/18/1038 520/19/1039
f 1619/18/1038 1620/20/1040 520/19/1039
f 520/19/1039 1620/20/1040 521/21/1041
f 1620/20/1040 1621/22/1042 521/21/1041
f 521/1/1041 1621/2/1042 522/3/1043
f 1621/2/1042 1622/4/1044 522/3/1043
f 522/3/1043 1622/4/1044 523/5/1045
f 1622/4/1044 1623/6/1046 523/5/1045
f 523/5/1045 1623/6/1046 524/7/1047
f 1623/6/1046 1624/8/1048 524/7/1047
f 524/7/1047 1624/8/1048 525/9/1049
f 1624/8/1048 1625/10/1050 525/9/1049
f 525/9/1049 1625/10/1050 526/11/1051
f 1625/10/1050 1626/12/1052 526/11/1051
f 526/11/1051 1626/12/1052 527/13/1053
f 1626/12/1052 1627/14/1054 527/13/1053
f 527/13/1053 1627/14/1054 528/15/1055
f 1627/14/1054 1628/16/1056 528/15/1055
f 528/15/1055 1628/16/1056 529/17/1057
f 1628/16/1056 1629/18/1058 529/17/1057
f 529/17/1057 1629/18/1058 530/19/1059
f 1629/18/1058 1630/20/1060 530/19/1059
f 530/19/1059 1630/20/1060 531/21/1061
f 1630/20/1060 1631/22/1062 531/21/1061
f 531/1/1061 1631/2/1062 532/3/1063
f 1631/2/1062 1632/4/1064 532/3/1063
f 532/3/1063 1632/4/1064 533/5/1065
f 1632/4/1064 1633/6/1066 533/5/1065
f 533/5/1065 1633/6/1066 534/7/1067
f 1633/6/1066 1634/8/1068 534/7/1067
f 534/7/1067 1634/8/1068 535/9/1069
f 1634/8/1068 1635/10/1070 535/9/1069
f 535/9/1069 1635/10/1070 536/11/1071
f 1635/10/1070 1636/12/1072 536/11/1071
f 536/11/1071 1636/12/1072 537/13/1073
f 1636/12/1072 1637/14/1074 537/13/1073
f 537/13/1073 1637/14/1074 538/15/1075
f 1637/14/1074 1638/16/1076 538/15/1075
f 538/15/1075 1638/16/1076 539/17/1077
f 1638/16/1076 1639/18/1078 539/17/1077
f 539/17/1077 1639/18/1078 540/19/1079
f 1639/18/1078 1640/20/1080 540/19/1079
f 540/19/1079 1640/20/1080 541/21/1081
f 1640/20/1080 1641/22/1082 541/21/1081
f 541/1/1081 1641/2/1082 542/3/1083
f 1641/2/1082 1642/4/1084 542/3/1083
f 542/3/1083 1642/4/1084 543/5/1085
f 1642/4/1084 1643/6/1086 543/5/1085
f 543/5/1085 1643/6/1086 544/7/1087
f 1643/6/1086 1644/8/1088 544/7/1087
f 544/7/1087 1644/8/1088 545/9/1089
f 1644/8/1088 1645/10/1090 545/9/1089
f 545/9/1089 1645/10/1090 546/11/1091
f 1645/10/1090 1646/12/1092 546/11/1091
f 546/11/1091 1646/12/1092 547/13/1093
f 1646/12/1092 1647/14/1094 547/13/1093
f 547/13/1093 1647/14/1094 548/15/1095
f 1647/14/1094 1648/16/1096 548/15/1095
f 548/15/1095 1648/16/1096 549/17/1097
f 1648/16/1096 1649/18/1098 549/17/1097
f 549/17/1097 1649/18/1098 550/19/1099
f 1649/18/1098 1650/20/1100 550/19/1099
f 550/19/1099 1650/20/1100 551/21/1101
f 1650/20/1100 1651/22/1102 551/21/1101
f 551/1/1101 1651/2/1102 552/3/1103
f 1651/2/1102 1652/4/1104 552/3/1103
f 552/3/1103 1652/4/1104 553/5/1105
f 1652/4/1104 1653/6/1106 553/5/1105
f 553/5/1105 1653/6/1106 554/7/1107
f 1653/6/1106 1654/8/1108 554/7/1107
f 554/7/1107 1654/8/1108 555/9/1109
f 1654/8/1108 1655/10/1110 555/9/1109
f 555/9/1109 1655/10/1110 556/11/1111
f 1655/10/1110 1656/12/1112 556/11/1111
f 556/11/1111 1656/12/1112 557/13/1113
f 1656/12/1112 1657/14/1114 557/13/1113
f 557/13/1113 1657/14/1114 558/15/1115
f 1657/14/1114 1658/16/1116 558/15/1115
f 558/15/1115 1658/16/1116 559/17/1117
f 1658/16/1116 1659/18/1118 559/17/1117
f 559/17/1117 1659/18/1118 560/19/1119
f 1659/18/1118 1660/20/1120 560/19/1119
f 560/19/1119 1660/20/1120 561/21/1121
f 1660/20/1120 1661/22/1122 561/21/1121
f 561/1/1121 1661/2/1122 562/3/1123
f 1661/2/1122 1662/4/1124 562/3/1123
f 562/3/1123 1662/4/1124 563/5/1125
f 1662/4/1124 1663/6/1126 563/5/1125
f 563/5/1125 1663/6/1126 564/7/1127
f 1663/6/1126 1664/8/1128 564/7/1127
f 564/7/1127 1664/8/1128 565/9/1129
f 1664/8/1128 1665/10/1130 565/9/1129
f 565/9/1129 1665/10/1130 566/11/1131
f 1665/10/1130 1666/12/1132 566/11/1131
f 566/11/1131 1666/12/1132 567/13/1133
f 1666/12/1132 1667/14/1134 567/13/1133
f 567/13/1133 1667/14/1134 568/15/1135
f 1667/14/1134 1668/16/1136 568/15/1135
f 568/15/1135 1668/16/1136 569/17/1137
f 1668/16/1136 1669/18/1138 569/17/1137
f 569/17/1137 1669/18/1138 570/19/1139
f 1669/18/1138 1670/20/1140 570/19/1139
f 570/19/1139 1670/20/1140 571/21/1141
f 1670/20/1140 1671/22/1142 571/21/1141
f 571/1/1141 1671/2/1142 572/3/1143
f 1671/2/1142 1672/4/1144 572/3/1143
f 572/3/1143 1672/4/1144 573/5/1145
f 1672/4/1144 1673/6/1146 573/5/1145
f 573/5/1145 1673/6/1146 574/7/1147
f 1673/6/1146 1674/8/1148 574/7/1147
f 574/7/1147 1674/8/1148 575/9/1149
f 1674/8/1148 1675/10/1150 575/9/1149
f 575/9/1149 1675/10/1150 576/11/1151
f 1675/10/1150 1676/12/1152 576/11/1151
f 576/11/1151 1676/12/1152 577/13/1153
f 1676/12/1152 1677/14/1154 577/13/1153
f 577/13/1153 1677/14/1154 578/15/1155
f 1677/14/1154 1678/16/1156 578/15/1155
f 578/15/1155 1678/16/1156 579/17/1157
f 1678/16/1156 1679/18/1158 579/17/1157
f 579/17/1157 1679/18/1158 580/19/1159
f 1679/18/1158 1680/20/1160 580/19/1159
f 580/19/1159 1680/20/1160 581/21/1161
f 1680/20/1160 1681/22/1162 581/21/1161
f 581/1/1161 1681/2/1162 582/3/1163
f 1681/2/1162 1682/4/1164 582/3/1163
f 582/3/1163 1682/4/1164 583/5/1165
f 1682/4/1164 1683/6/1166 583/5/1165
f 583/5/1165 1683/6/1166 584/7/1167
f 1683/6/1166 1684/8/1168 584/7/1167
f 584/7/1167 1684/8/1168 585/9/1169
f 1684/8/1168 1685/10/1170 585/9/1169
f 585/9/1169 1685/10/1170 586/11/1171
f 1685/10/1170 1686/12/1172 586/11/1171
f 586/11/1171 1686/12/1172 587/13/1173
f 1686/12/1172 1687/14/1174 587/13/1173
f 587/13/1173 1687/14/1174 588/15/1175
f 1687/14/1174 1688/16/1176 588/15/1175
f 588/15/1175 1688/16/1176 589/17/1177
f 1688/16/1176 1689/18/1178 589/17/1177
f 589/17/1177 1689/18/1178 590/19/1179
f 1689/18/1178 1690/20/1180 590/19/1179
f 590/19/1179 1690/20/1180 591/21/1181
f 1690/20/1180 1691/22/1182 591/21/1181
f 591/1/1181 1691/2/1182 592/3/1183
f 1691/2/1182 1692/4/1184 592/3/1183
f 592/3/1183 1692/4/1184 593/5/1185
f 1692/4/1184 1693/6/1186 593/5/1185
f 593/5/1185 1693/6/1186 594/7/1187
f 1693/6/1186 1694/8/1188 594/7/1187
f 594/7/1187 1694/8/1188 595/9/1189
f 1694/8/1188 1695/10/1190 595/9/1189
f 595/9/1189 1695/10/1190 596/11/1191
f 1695/10/1190 1696/12/1192 596/11/1191
f 596/11/1191 1696/12/1192 597/13/1193
f 1696/12/1192 1697/14/1194 597/13/1193
f 597/13/1193 1697/14/1194 598/15/1195
f 1697/14/1194 1698/16/1196 598/15/1195
f 598/15/1195 1698/16/1196 599/17/1197
f 1698/16/1196 1699/18/1198 599/17/1197
f 599/17/1197 1699/18/1198 600/19/1199
f 1699/18/1198 1700/20/1200 600/19/1199
f 600/19/1199 1700/20/1200 601/21/1201
f 1700/20/1200 1701/22/1202 601/21/1201
f 601/1/1201 1701/2/1202 602/3/1203
f 1701/2/1202 1702/4/1204 602/3/1203
f 602/3/1203 1702/4/1204 603/5/1205
f 1702/4/1204 1703/6/1206 603/5/1205
f 603/5/1205 1703/6/1206 604/7/1207
f 1703/6/1206 1704/8/1208 604/7/1207
f 604/7/1207 1704/8/1208 605/9/1209
f 1704/8/1208 1705/10/1210 605/9/1209
f 605/9/1209 1705/10/1210 606/11/1211
f 1705/10/1210 1706/12/1212 606/11/1211
f 606/11/1211 1706/12/1212 607/13/1213
f 1706/12/1212 1707/14/1214 607/13/1213
f 607/13/1213 1707/14/1214 608/15/1215
f 1707/14/1214 1708/16/1216 608/15/1215
f 608/15/1215 1708/16/1216 609/17/1217
f 1708/16/1216 1709/18/1218 609/17/1217
f 609/17/1217 1709/18/1218 610/19/1219
f 1709/18/1218 1710/20/1220 610/19/1219
f 610/19/1219 1710/20/1220 611/21/1221
f 1710/20/1220 1711/22/1222 611/21/1221
f 611/1/1221 1711/2/1222 612/3/1223
f 1711/2/1222 1712/4/1224 612/3/1223
f 612/3/1223 1712/4/1224 613/5/1225
f 1712/4/1224 1713/6/1226 613/5/1225
f 613/5/1225 1713/6/1226 614/7/1227
f 1713/6/1226 1714/8/1228 614/7/1227
f 614/7/1227 1714/8/1228 615/9/1229
f 1714/8/1228 1715/10/1230 615/9/1229
f 615/9/1229 1715/10/1230 616/11/1231
f 1715/10/1230 1716/12/1232 616/11/1231
f 616/11/1231 1716/12/1232 617/13/1233
f 1716/12/1232 1717/14/1234 617/13/1233
f 617/13/1233 1717/14/1234 618/15/1235
f 1717/14/1234 1718/16/1236 618/15/1235
f 618/15/1235 1718/16/1236 619/17/1237
f 1718/16/1236 1719/18/1238 619/17/1237
f 619/17/1237 1719/18/1238 620/19/1239
f 1719/18/1238 1720/20/1240 620/19/1239
f 620/19/1239 1720/20/1240 621/21/1241
f 1720/20/1240 1721/22/1242 621/21/1241
f 621/1/1241 1721/2/1242 622/3/1243
f 1721/2/1242 1722/4/1244 622/3/1243
f 622/3/1243 1722/4/1244 623/5/1245
f 1722/4/1244 1723/6/1246 623/5/1245
f 623/5/1245 1723/6/1246 624/7/1247
f 1723/6/1246 1724/8/1248 624/7/1247
f 624/7/1247 1724/8/1248 625/9/1249
f 1724/8/1248 1725/10/1250 625/9/1249
f 625/9/1249 1725/10/1250 626/11/1251
f 1725/10/1250 1726/12/1252 626/11/1251
f 626/11/1251 1726/12/1252 627/13/1253
f 1726/12/1252 1727/14/1254 627/13/1253
f 627/13/1253 1727/14/1254 628/15/1255
f 1727/14/1254 1728/16/1256 628/15/1255
f 628/15/1255 1728/16/1256 629/17/1257
f 1728/16/1256 1729/18/1258 629/17/1257
f 629/17/1257 1729/18/1258 630/19/1259
f 1729/18/1258 1730/20/1260 630/19/1259
f 630/19/1259 1730/20/1260 631/21/1261
f 1730/20/1260 1731/22/1262 631/21/1261
f 631/1/1261 1731/2/1262 632/3/1263
f 1731/2/1262 1732/4/1264 632/3/1263
f 632/3/1263 1732/4/1264 633/5/1265
f 1732/4/1264 1733/6/1266 633/5/1265
f 633/5/1265 1733/6/1266 634/7/1267
f 1733/6/1266 1734/8/1268 634/7/1267
f 634/7/1267 1734/8/1268 635/9/1269
f 1734/8/1268 1735/10/1270 635/9/1269
f 635/9/1269 1735/10/1270 636/11/1271
f 1735/10/1270 1736/12/1272 636/11/1271
f 636/11/1271 1736/12/1272 637/13/1273
f 1736/12/1272 1737/14/1274 637/13/1273
f 637/13/1273 1737/14/1274 638/15/1275
f 1737/14/1274 1738/16/1276 638/15/1275
f 638/15/1275 1738/16/1276 639/17/1277
f 1738/16/1276 1739/18/1278 639/17/1277
f 639/17/1277 1739/18/1278 640/19/1279
f 1739/18/1278 1740/20/1280 640/19/1279
f 640/19/1279 1740/20/1280 641/21/1281
f 1740/20/1280 1741/22/1282 641/21/1281
f 641/1/1281 1741/2/1282 642/3/1283
f 1741/2/1282 1742/4/1284 642/3/1283
f 642/3/1283 1742/4/1284 643/5/1285
f 1742/4/1284 1743/6/1286 643/5/1285
f 643/5/1285 1743/6/1286 644/7/1287
f 1743/6/1286 1744/8/1288 644/7/1287
f 644/7/1287 1744/8/1288 645/9/1289
f 1744/8/1288 1745/10/1290 645/9/1289
f 645/9/1289 1745/10/1290 646/11/1291
f 1745/10/1290 1746/12/1292 646/11/1291
f 646/11/1291 1746/12/1292 647/13/1293
f 1746/12/1292 1747/14/1294 647/13/1293
f 647/13/1293 1747/14/1294 648/15/1295
f 1747/14/1294 1748/16/1296 648/15/1295
f 648/15/1295 1748/16/1296 649/17/1297
f 1748/16/1296 1749/18/1298 649/17/1297
f 649/17/1297 1749/18/1298 650/19/1299
f 1749/18/1298 1750/20/1300 650/19/1299
f 650/19/1299 1750/20/1300 651/21/1301
f 1750/20/1300 1751/22/1302 651/21/1301
f 651/1/1301 1751/2/1302 652/3/1303
f 1751/2/1302 1752/4/1304 652/3/1303
f 652/3/1303 1752/4/1304 653/5/1305
f 1752/4/1304 1753/6/1306 653/5/1305
f 653/5/1305 1753/6/1306 654/7/1307
f 1753/6/1306 1754/8/1308 654/7/1307
f 654/7/1307 1754/8/1308 655/9/1309
f 1754/8/1308 1755/10/1310 655/9/1309
f 655/9/1309 1755/10/1310 656/11/1311
f 1755/10/1310 1756/12/1312 656/11/1311
f 656/11/1311 1756/12/1312 657/13/1313
f 1756/12/1312 1757/14/1314 657/13/1313
f 657/13/1313 1757/14/1314 658/15/1315
f 1757/14/1314 1758/16/1316 658/15/1315
f 658/15/1315 1758/16/1316 659/17/1317
f 1758/16/1316 1759/18/1318 659/17/1317
f 659/17/1317 1759/18/1318 660/19/1319
f 1759/18/1318 1760/20/1320 660/19/1319
f 660/19/1319 1760/20/1320 661/21/1321
f 1760/20/1320 1761/22/1322 661/21/1321
f 661/1/1321 1761/2/1322 662/3/1323
f 1761/2/1322 1762/4/1324 662/3/1323
f 662/3/1323 1762/4/1324 663/5/1325
f 1762/4/1324 1763/6/1326 663/5/1325
f 663/5/1325 1763/6/1326 664/7/1327
f 1763/6/1326 1764/8/1328 664/7/1327
f 664/7/1327 1764/8/1328 665/9/1329
f 1764/8/1328 1765/10/1330 665/9/1329
f 665/9/1329 1765/10/1330 666/11/1331
f 1765/10/1330 1766/12/1332 666/11/1331
f 666/11/1331 1766/12/1332 667/13/1333
f 1766/12/1332 1767/14/1334 667/13/1333
f 667/13/1333 1767/14/1334 668/15/1335
f 1767/14/1334 1768/16/1336 668/15/1335
f 668/15/1335 1768/16/1336 669/17/1337
f 1768/16/1336 1769/18/1338 669/17/1337
f 669/17/1337 1769/18/1338 670/19/1339
f 1769/18/1338 1770/20/1340 670/19/1339
f 670/19/1339 1770/20/1340 671/21/1341
f 1770/20/1340 1771/22/1342 671/21/1341
f 671/1/1341 1771/2/1342 672/3/1343
f 1771/2/1342 1772/4/1344 672/3/1343
f 672/3/1343 1772/4/1344 673/5/1345
f 1772/4/1344 1773/6/1346 673/5/1345
f 673/5/1345 1773/6/1346 674/7/1347
f 1773/6/1346 1774/8/1348 674/7/1347
f 674/7/1347 1774/8/1348 675/9/1349
f 1774/8/1348 1775/10/1350 675/9/1349
f 675/9/1349 1775/10/1350 676/11/1351
f 1775/10/1350 1776/12/1352 676/11/1351
f 676/11/1351 1776/12/1352 677/13/1353
f 1776/12/1352 1777/14/1354 677/13/1353
f 677/13/1353 1777/14/1354 678/15/1355
f 1777/14/1354 1778/16/1356 678/15/1355
f 678/15/1355 1778/16/1356 679/17/1357
f 1778/16/1356 1779/18/1358 679/17/1357
f 679/17/1357 1779/18/1358 680/19/1359
f 1779/18/1358 1780/20/1360 680/19/1359
f 680/19/1359 1780/20/1360 681/21/1361
f 1780/20/1360 1781/22/1362 681/21/1361
f 681/1/1361 1781/2/1362 682/3/1363
f 1781/2/1362 1782/4/1364 682/3/1363
f 682/3/1363 1782/4/1364 683/5/1365
f 1782/4/1364 1783/6/1366 683/5/1365
f 683/5/1365 1783/6/1366 684/7/1367
f 1783/6/1366 1784/8/1368 684/7/1367
f 684/7/1367 1784/8/1368 685/9/1369
f 1784/8/1368 1785/10/1370 685/9/1369
f 685/9/1369 1785/10/1370 686/11/1371
f 1785/10/1370 1786/12/1372 686/11/1371
f 686/11/1371 1786/12/1372 687/13/1373
f 1786/12/1372 1787/14/1374 687/13/1373
f 687/13/1373 1787/14/1374 688/15/1375
f 1787/14/1374 1788/16/1376 688/15/1375
f 688/15/1375 1788/16/1376 689/17/1377
f 1788/16/1376 1789/18/1378 689/17/1377
f 689/17/1377 1789/18/1378 690/19/1379
f 1789/18/1378 1790/20/1380 690/19/1379
f 690/19/1379 1790/20/1380 691/21/1381
f 1790/20/1380 1791/22/1382 691/21/1381
f 691/1/1381 1791/2/1382 692/3/1383
f 1791/2/1382 1792/4/1384 692/3/1383
f 692/3/1383 1792/4/1384 693/5/1385
f 1792/4/1384 1793/6/1386 693/5/1385
f 693/5/1385 1793/6/1386 694/7/1387
f 1793/6/1386 1794/8/1388 694/7/1387
f 694/7/1387 1794/8/1388 695/9/1389
f 1794/8/1388 1795/10/1390 695/9/1389
f 695/9/1389 1795/10/1390 696/11/1391
f 1795/10/1390 1796/12/1392 696/11/1391
f 696/11/1391 1796/12/1392 697/13/1393
f 1796/12/1392 1797/14/1394 697/13/1393
f 697/13/1393 1797/14/1394 698/15/1395
f 1797/14/1394 1798/16/1396 698/15/1395
f 698/15/1395 1798/16/1396 699/17/1397
f 1798/16/1396 1799/18/1398 699/17/1397
f 699/17/1397 1799/18/1398 700/19/1399
f 1799/18/1398 1800/20/1400 700/19/1399
f 700/19/1399 1800/20/1400 701/21/1401
f 1800/20/1400 1801/22/1402 701/21/1401
f 701/1/1401 1801/2/1402 702/3/1403
f 1801/2/1402 1802/4/1404 702/3/1403
f 702/3/1403 1802/4/1404 703/5/1405
f 1802/4/1404 1803/6/1406 703/5/1405
f 703/5/1405 1803/6/1406 704/7/1407
f 1803/6/1406 1804/8/1408 704/7/1407
f 704/7/1407 1804/8/1408 705/9/1409
f 1804/8/1408 1805/10/1410 705/9/1409
f 705/9/1409 1805/10/1410 706/11/1411
f 1805/10/1410 1806/12/1412 706/11/1411
f 706/11/1411 1806/12/1412 707/13/1413
f 1806/12/1412 1807/14/1414 707/13/1413
f 707/13/1413 1807/14/1414 708/15/1415
f 1807/14/1414 1808/16/1416 708/15/1415
f 708/15/1415 1808/16/1416 709/17/1417
f 1808/16/1416 1809/18/1418 709/17/1417
f 709/17/1417 1809/18/1418 710/19/1419
f 1809/18/1418 1810/20/1420 710/19/1419
f 710/19/1419 1810/20/1420 711/21/1421
f 1810/20/1420 1811/22/1422 711/21/1421
f 711/1/1421 1811/2/1422 712/3/1423
f 1811/2/1422 1812/4/1424 712/3/1423
f 712/3/1423 1812/4/1424 713/5/1425
f 1812/4/1424 1813/6/1426 713/5/1425
f 713/5/1425 1813/6/1426 714/7/1427
f 1813/6/1426 1814/8/1428 714/7/1427
f 714/7/1427 1814/8/1428 715/9/1429
f 1814/8/1428 1815/10/1430 715/9/1429
f 715/9/1429 1815/10/1430 716/11/1431
f 1815/10/1430 1816/12/1432 716/11/1431
f 716/11/1431 1816/12/1432 717/13/1433
f 1816/12/1432 1817/14/1434 717/13/1433
f 717/13/1433 1817/14/1434 718/15/1435
f 1817/14/1434 1818/16/1436 718/15/1435
f 718/15/1435 1818/16/1436 719/17/1437
f 1818/16/1436 1819/18/1438 719/17/1437
f 719/17/1437 1819/18/1438 720/19/1439
f 1819/18/1438 1820/20/1440 720/19/1439
f 720/19/1439 1820/20/1440 721/21/1441
f 1820/20/1440 1821/22/1442 721/21/1441
f 721/1/1441 1821/2/1442 722/3/1443
f 1821/2/1442 1822/4/1444 722/3/1443
f 722/3/1443 1822/4/1444 723/5/1445
f 1822/4/1444 1823/6/1446 723/5/1445
f 723/5/1445 1823/6/1446 724/7/1447
f 1823/6/1446 1824/8/1448 724/7/1447
f 724/7/1447 1824/8/1448 725/9/1449
f 1824/8/1448 1825/10/1450 725/9/1449
f 725/9/1449 1825/10/1450 726/11/1451
f 1825/10/1450 1826/12/1452 726/11/1451
f 726/11/1451 1826/12/1452 727/13/1453
f 1826/12/1452 1827/14/1454 727/13/1453
f 727/13/1453 1827/14/1454 728/15/1455
f 1827/14/1454 1828/16/1456 728/15/1455
f 728/15/1455 1828/16/1456 729/17/1457
f 1828/16/1456 1829/18/1458 729/17/1457
f 729/17/1457 1829/18/1458 730/19/1459
f 1829/18/1458 1830/20/1460 730/19/1459
f 730/19/1459 1830/20/1460 731/21/1461
f 1830/20/1460 1831/22/1462 731/21/1461
f 731/1/1461 1831/2/1462 732/3/1463
f 1831/2/1462 1832/4/1464 732/3/1463
f 732/3/1463 1832/4/1464 733/5/1465
f 1832/4/1464 1833/6/1466 733/5/1465
f 733/5/1465 1833/6/1466 734/7/1467
f 1833/6/1466 1834/8/1468 734/7/1467
f 734/7/1467 1834/8/1468 735/9/1469
f 1834/8/1468 1835/10/1470 735/9/1469
f 735/9/1469 1835/10/1470 736/11/1471
f 1835/10/1470 1836/12/1472 736/11/1471
f 736/11/1471 1836/12/1472 737/13/1473
f 1836/12/1472 1837/14/1474 737/13/1473
f 737/13/1473 1837/14/1474 738/15/1475
f 1837/14/1474 1838/16/1476 738/15/1475
f 738/15/1475 1838/16/1476 739/17/1477
f 1838/16/1476 1839/18/1478 739/17/1477
f 739/17/1477 1839/18/1478 740/19/1479
f 1839/18/1478 1840/20/1480 740/19/1479
f 740/19/1479 1840/20/1480 741/21/1481
f 1840/20/1480 1841/22/1482 741/21/1481
f 741/1/1481 1841/2/1482 742/3/1483
f 1841/2/1482 1842/4/1484 742/3/1483
f 742/3/1483 1842/4/1484 743/5/1485
f 1842/4/1484 1843/6/1486 743/5/1485
f 743/5/1485 1843/6/1486 744/7/1487
f 1843/6/1486 1844/8/1488 744/7/1487
f 744/7/1487 1844/8/1488 745/9/1489
f 1844/8/1488 1845/10/1490 745/9/1489
f 745/9/1489 1845/10/1490 746/11/1491
f 1845/10/1490 1846/12/1492 746/11/1491
f 746/11/1491 1846/12/1492 747/13/1493
f 1846/12/1492 1847/14/1494 747/13/1493
f 747/13/1493 1847/14/1494 748/15/1495
f 1847/14/1494 1848/16/1496 748/15/1495
f 748/15/1495 1848/16/1496 749/17/1497
f 1848/16/1496 1849/18/1498 749/17/1497
f 749/17/1497 1849/18/1498 750/19/1499
f 1849/18/1498 1850/20/1500 750/19/1499
f 750/19/1499 1850/20/1500 751/21/1501
f 1850/20/1500 1851/22/1502 751/21/1501
f 751/1/1501 1851/2/1502 752/3/1503
f 1851/2/1502 1852/4/1504 752/3/1503
f 752/3/1503 1852/4/1504 753/5/1505
f 1852/4/1504 1853/6/1506 753/5/1505
f 753/5/1505 1853/6/1506 754/7/1507
f 1853/6/1506 1854/8/1508 754/7/1507
f 754/7/1507 1854/8/1508 755/9/1509
f 1854/8/1508 1855/10/1510 755/9/1509
f 755/9/1509 1855/10/1510 756/11/1511
f 1855/10/1510 1856/12/1512 756/11/1511
f 756/11/1511 1856/12/1512 757/13/1513
f 1856/12/1512 1857/14/1514 757/13/1513
f 757/13/1513 1857/14/1514 758/15/1515
f 1857/14/1514 1858/16/1516 758/15/1515
f 758/15/1515 1858/16/1516 759/17/1517
f 1858/16/1516 1859/18/1518 759/17/1517
f 759/17/1517 1859/18/1518 760/19/1519
f 1859/18/1518 1860/20/1520 760/19/1519
f 760/19/1519 1860/20/1520 761/21/1521
f 1860/20/1520 1861/22/1522 761/21/1521
f 761/1/1521 1861/2/1522 762/3/1523
f 1861/2/1522 1862/4/1524 762/3/1523
f 762/3/1523 1862/4/1524 763/5/1525
f 1862/4/1524 1863/6/1526 763/5/1525
f 763/5/1525 1863/6/1526 764/7/1527
f 1863/6/1526 1864/8/1528 764/7/1527
f 764/7/1527 1864/8/1528 765/9/1529
f 1864/8/1528 1865/10/1530 765/9/1529
f 765/9/1529 1865/10/1530 766/11/1531
f 1865/10/1530 1866/12/1532 766/11/1531
f 766/11/1531 1866/12/1532 767/13/1533
f 1866/12/1532 1867/14/1534 767/13/1533
f 767/13/1533 1867/14/1534 768/15/1535
f 1867/14/1534 1868/16/1536 768/15/1535
f 768/15/1535 1868/16/1536 769/17/1537
f 1868/16/1536 1869/18/1538 769/17/1537
f 769/17/1537 1869/18/1538 770/19/1539
f 1869/18/1538 1870/20/1540 770/19/1539
f 770/19/1539 1870/20/1540 771/21/1541
f 1870/20/1540 1871/22/1542 771/21/1541
f 771/1/1541 1871/2/1542 772/3/1543
f 1871/2/1542 1872/4/1544 772/3/1543
f 772/3/1543 1872/4/1544 773/5/1545
f 1872/4/1544 1873/6/1546 773/5/1545
f 773/5/1545 1873/6/1546 774/7/1547
f 1873/6/1546 1874/8/1548 774/7/1547
f 774/7/1547 1874/8/1548 775/9/1549
f 1874/8/1548 1875/10/1550 775/9/1549
f 775/9/1549 1875/10/1550 776/11/1551
f 1875/10/1550 1876/12/1552 776/11/1551
f 776/11/1551 1876/12/1552 777/13/1553
f 1876/12/1552 1877/14/1554 777/13/1553
f 777/13/1553 1877/14/1554 778/15/1555
f 1877/14/1554 1878/16/1556 778/15/1555
f 778/15/1555 1878/16/1556 779/17/1557
f 1878/16/1556 1879/18/1558 779/17/1557
f 779/17/1557 1879/18/1558 780/19/1559
f 1879/18/1558 1880/20/1560 780/19/1559
f 780/19/1559 1880/20/1560 781/21/1561
f 1880/20/1560 1881/22/1562 781/21/1561
f 781/1/1561 1881/2/1562 782/3/1563
f 1881/2/1562 1882/4/1564 782/3/1563
f 782/3/1563 1882/4/1564 783/5/1565
f 1882/4/1564 1883/6/1566 783/5/1565
f 783/5/1565 1883/6/1566 784/7/1567
f 1883/6/1566 1884/8/1568 784/7/1567
f 784/7/1567 1884/8/1568 785/9/1569
f 1884/8/1568 1885/10/1570 785/9/1569
f 785/9/1569 1885/10/1570 786/11/1571
f 1885/10/1570 1886/12/1572 786/11/1571
f 786/11/1571 1886/12/1572 787/13/1573
f 1886/12/1572 1887/14/1574 787/13/1573
f 787/13/1573 1887/14/1574 788/15/1575
f 1887/14/1574 1888/16/1576 788/15/1575
f 788/15/1575 1888/16/1576 789/17/1577
f 1888/16/1576 1889/18/1578 789/17/1577
f 789/17/1577 1889/18/1578 790/19/1579
f 1889/18/1578 1890/20/1580 790/19/1579
f 790/19/1579 1890/20/1580 791/21/1581
f 1890/20/1580 1891/22/1582 791/21/1581
f 791/1/1581 1891/2/1582 792/3/1583
f 1891/2/1582 1892/4/1584 792/3/1583
f 792/3/1583 1892/4/1584 793/5/1585
f 1892/4/1584 1893/6/1586 793/5/1585
f 793/5/1585 1893/6/1586 794/7/1587
f 1893/6/1586 1894/8/1588 794/7/1587
f 794/7/1587 1894/8/1588 795/9/1589
f 1894/8/1588 1895/10/1590 795/9/1589
f 795/9/1589 1895/10/1590 796/11/1591
f 1895/10/1590 1896/12/1592 796/11/1591
f 796/11/1591 1896/12/1592 797/13/1593
f 1896/12/1592 1897/14/1594 797/13/1593
f 797/13/1593 1897/14/1594 798/15/1595
f 1897/14/1594 1898/16/1596 798/15/1595
f 798/15/1595 1898/16/1596 799/17/1597
f 1898/16/1596 1899/18/1598 799/17/1597
f 799/17/1597 1899/18/1598 800/19/1599
f 1899/18/1598 1900/20/1600 800/19/1599
f 800/19/1599 1900/20/1600 801/21/1601
f 1900/20/1600 1901/22/1602 801/21/1601
f 801/1/1601 1901/2/1602 802/3/1603
f 1901/2/1602 1902/4/1604 802/3/1603
f 802/3/1603 1902/4/1604 803/5/1605
f 1902/4/1604 1903/6/1606 803/5/1605
f 803/5/1605 1903/6/1606 804/7/1607
f 1903/6/1606 1904/8/1608 804/7/1607
f 804/7/1607 1904/8/1608 805/9/1609
f 1904/8/1608 1905/10/1610 805/9/1609
f 805/9/1609 1905/10/1610 806/11/1611
f 1905/10/1610 1906/12/1612 806/11/1611
f 806/11/1611 1906/12/1612 807/13/1613
f 1906/12/1612 1907/14/1614 807/13/1613
f 807/13/1613 1907/14/1614 808/15/1615
f 1907/14/1614 1908/16/1616 808/15/1615
f 808/15/1615 1908/16/1616 809/17/1617
f 1908/16/1616 1909/18/1618 809/17/1617
f 809/17/1617 1909/18/1618 810/19/1619
f 1909/18/1618 1910/20/1620 810/19/1619
f 810/19/1619 1910/20/1620 811/21/1621
f 1910/20/1620 1911/22/1622 811/21/1621
f 811/1/1621 1911/2/1622 812/3/1623
f 1911/2/1622 1912/4/1624 812/3/1623
f 812/3/1623 1912/4/1624 813/5/1625
f 1912/4/1624 1913/6/1626 813/5/1625
f 813/5/1625 1913/6/1626 814/7/1627
f 1913/6/1626 1914/8/1628 814/7/1627
f 814/7/1627 1914/8/1628 815/9/1629
f 1914/8/1628 1915/10/1630 815/9/1629
f 815/9/1629 1915/10/1630 816/11/1631
f 1915/10/1630 1916/12/1632 816/11/1631
f 816/11/1631 1916/12/1632 817/13/1633
f 1916/12/1632 1917/14/1634 817/13/1633
f 817/13/1633 1917/14/1634 818/15/1635
f 1917/14/1634 1918/16/1636 818/15/1635
f 818/15/1635 1918/16/1636 819/17/1637
f 1918/16/1636 1919/18/1638 819/17/1637
f 819/17/1637 1919/18/1638 820/19/1639
f 1919/18/1638 1920/20/1640 820/19/1639
f 820/19/1639 1920/20/1640 821/21/1641
f 1920/20/1640 1921/22/1642 821/21/1641
f 821/1/1641 1921/2/1642 822/3/1643
f 1921/2/1642 1922/4/1644 822/3/1643
f 822/3/1643 1922/4/1644 823/5/1645
f 1922/4/1644 1923/6/1646 823/5/1645
f 823/5/1645 1923/6/1646 824/7/1647
f 1923/6/1646 1924/8/1648 824/7/1647
f 824/7/1647 1924/8/1648 825/9/1649
f 1924/8/1648 1925/10/1650 825/9/1649
f 825/9/1649 1925/10/1650 826/11/1651
f 1925/10/1650 1926/12/1652 826/11/1651
f 826/11/1651 1926/12/1652 827/13/1653
f 1926/12/1652 1927/14/1654 827/13/1653
f 827/13/1653 1927/14/1654 828/15/1655
f 1927/14/1654 1928/16/1656 828/15/1655
f 828/15/1655 1928/16/1656 829/17/1657
f 1928/16/1656 1929/18/1658 829/17/1657
f 829/17/1657 1929/18/1658 830/19/1659
f 1929/18/1658 1930/20/1660 830/19/1659
f 830/19/1659 1930/20/1660 831/21/1661
f 1930/20/1660 1931/22/1662 831/21/1661
f 831/1/1661 1931/2/1662 832/3/1663
f 1931/2/1662 1932/4/1664 832/3/1663
f 832/3/1663 1932/4/1664 833/5/1665
f 1932/4/1664 1933/6/1666 833/5/1665
f 833/5/1665 1933/6/1666 834/7/1667
f 1933/6/1666 1934/8/1668 834/7/1667
f 834/7/1667 1934/8/1668 835/9/1669
f 1934/8/1668 1935/10/1670 835/9/1669
f 835/9/1669 1935/10/1670 836/11/1671
f 1935/10/1670 1936/12/1672 836/11/1671
f 836/11/1671 1936/12/1672 837/13/1673
f 1936/12/1672 1937/14/1674 837/13/1673
f 837/13/1673 1937/14/1674 838/15/1675
f 1937/14/1674 1938/16/1676 838/15/1675
f 838/15/1675 1938/16/1676 839/17/1677
f 1938/16/1676 1939/18/1678 839/17/1677
f 839/17/1677 1939/18/1678 840/19/1679
f 1939/18/1678 1940/20/1680 840/19/1679
f 840/19/1679 1940/20/1680 841/21/1681
f 1940/20/1680 1941/22/1682 841/21/1681
f 841/1/1681 1941/2/1682 842/3/1683
f 1941/2/1682 1942/4/1684 842/3/1683
f 842/3/1683 1942/4/1684 843/5/1685
f 1942/4/1684 1943/6/1686 843/5/1685
f 843/5/1685 1943/6/1686 844/7/1687
f 1943/6/1686 1944/8/1688 844/7/1687
f 844/7/1687 1944/8/1688 845/9/1689
f 1944/8/1688 1945/10/1690 845/9/1689
f 845/9/1689 1945/10/1690 846/11/1691
f 1945/10/1690 1946/12/1692 846/11/1691
f 846/11/1691 1946/12/1692 847/13/1693
f 1946/12/1692 1947/14/1694 847/13/1693
f 847/13/1693 1947/14/1694 848/15/1695
f 1947/14/1694 1948/16/1696 848/15/1695
f 848/15/1695 1948/16/1696 849/17/1697
f 1948/16/1696 1949/18/1698 849/17/1697
f 849/17/1697 1949/18/1698 850/19/1699
f 1949/18/1698 1950/20/1700 850/19/1699
f 850/19/1699 1950/20/1700 851/21/1701
f 1950/20/1700 1951/22/1702 851/21/1701
f 851/1/1701 1951/2/1702 852/3/1703
f 1951/2/1702 1952/4/1704 852/3/1703
f 852/3/1703 1952/4/1704 853/5/1705
f 1952/4/1704 1953/6/1706 853/5/1705
f 853/5/1705 1953/6/1706 854/7/1707
f 1953/6/1706 1954/8/1708 854/7/1707
f 854/7/1707 1954/8/1708 855/9/1709
f 1954/8/1708 1955/10/1710 855/9/1709
f 855/9/1709 1955/10/1710 856/11/1711
f 1955/10/1710 1956/12/1712 856/11/1711
f 856/11/1711 1956/12/1712 857/13/1713
f 1956/12/1712 1957/14/1714 857/13/1713
f 857/13/1713 1957/14/1714 858/15/1715
f 1957/14/1714 1958/16/1716 858/15/1715
f 858/15/1715 1958/16/1716 859/17/1717
f 1958/16/1716 1959/18/1718 859/17/1717
f 859/17/1717 1959/18/1718 860/19/1719
f 1959/18/1718 1960/20/1720 860/19/1719
f 860/19/1719 1960/20/1720 861/21/1721
f 1960/20/1720 1961/22/1722 861/21/1721
f 861/1/1721 1961/2/1722 862/3/1723
f 1961/2/1722 1962/4/1724 862/3/1723
f 862/3/1723 1962/4/1724 863/5/1725
f 1962/4/1724 1963/6/1726 863/5/1725
f 863/5/1725 1963/6/1726 864/7/1727
f 1963/6/1726 1964/8/1728 864/7/1727
f 864/7/1727 1964/8/1728 865/9/1729
f 1964/8/1728 1965/10/1730 865/9/1729
f 865/9/1729 1965/10/1730 866/11/1731
f 1965/10/1730 1966/12/1732 866/11/1731
f 866/11/1731 1966/12/1732 867/13/1733
f 1966/12/1732 1967/14/1734 867/13/1733
f 867/13/1733 1967/14/1734 868/15/1735
f 1967/14/1734 1968/16/1736 868/15/1735
f 868/15/1735 1968/16/1736 869/17/1737
f 1968/16/1736 1969/18/1738 869/17/1737
f 869/17/1737 1969/18/1738 870/19/1739
f 1969/18/1738 1970/20/1740 870/19/1739
f 870/19/1739 1970/20/1740 871/21/1741
f 1970/20/1740 1971/22/1742 871/21/1741
f 871/1/1741 1971/2/1742 872/3/1743
f 1971/2/1742 1972/4/1744 872/3/1743
f 872/3/1743 1972/4/1744 873/5/1745
f 1972/4/1744 1973/6/1746 873/5/1745
f 873/5/1745 1973/6/1746 874/7/1747
f 1973/6/1746 1974/8/1748 874/7/1747
f 874/7/1747 1974/8/1748 875/9/1749
f 1974/8/1748 1975/10/1750 875/9/1749
f 875/9/1749 1975/10/1750 876/11/1751
f 1975/10/1750 1976/12/1752 876/11/1751
f 876/11/1751 1976/12/1752 877/13/1753
f 1976/12/1752 1977/14/1754 877/13/1753
f 877/13/1753 1977/14/1754 878/15/1755
f 1977/14/1754 1978/16/1756 878/15/1755
f 878/15/1755 1978/16/1756 879/17/1757
f 1978/16/1756 1979/18/1758 879/17/1757
f 879/17/1757 1979/18/1758 880/19/1759
f 1979/18/1758 1980/20/1760 880/19/1759
f 880/19/1759 1980/20/1760 881/21/1761
f 1980/20/1760 1981/22/1762 881/21/1761
f 881/1/1761 1981/2/1762 882/3/1763
f 1981/2/1762 1982/4/1764 882/3/1763
f 882/3/1763 1982/4/1764 883/5/1765
f 1982/4/1764 1983/6/1766 883/5/1765
f 883/5/1765 1983/6/1766 884/7/1767
f 1983/6/1766 1984/8/1768 884/7/1767
f 884/7/1767 1984/8/1768 885/9/1769
f 1984/8/1768 1985/10/1770 885/9/1769
f 885/9/1769 1985/10/1770 886/11/1771
f 1985/10/1770 1986/12/1772 886/11/1771
f 886/11/1771 1986/12/1772 887/13/1773
f 1986/12/1772 1987/14/1774 887/13/1773
f 887/13/1773 1987/14/1774 888/15/1775
f 1987/14/1774 1988/16/1776 888/15/1775
f 888/15/1775 1988/16/1776 889/17/1777
f 1988/16/1776 1989/18/1778 889/17/1777
f 889/17/1777 1989/18/1778 890/19/1779
f 1989/18/1778 1990/20/1780 890/19/1779
f 890/19/1779 1990/20/1780 891/21/1781
f 1990/20/1780 1991/22/1782 891/21/1781
f 891/1/1781 1991/2/1782 892/3/1783
f 1991/2/1782 1992/4/1784 892/3/1783
f 892/3/1783 1992/4/1784 893/5/1785
f 1992/4/1784 1993/6/1786 893/5/1785
f 893/5/1785 1993/6/1786 894/7/1787
f 1993/6/1786 1994/8/1788 894/7/1787
f 894/7/1787 1994/8/1788 895/9/1789
f 1994/8/1788 1995/10/1790 895/9/1789
f 895/9/1789 1995/10/1790 896/11/1791
f 1995/10/1790 1996/12/1792 896/11/1791
f 896/11/1791 1996/12/1792 897/13/1793
f 1996/12/1792 1997/14/1794 897/13/1793
f 897/13/1793 1997/14/1794 898/15/1795
f 1997/14/1794 1998/16/1796 898/15/1795
f 898/15/1795 1998/16/1796 899/17/1797
f 1998/16/1796 1999/18/1798 899/17/1797
f 899/17/1797 1999/18/1798 900/19/1799
f 1999/18/1798 2000/20/1800 900/19/1799
f 900/19/1799 2000/20/1800 901/21/1801
f 2000/20/1800 2001/22/1802 901/21/1801
f 901/1/1801 2001/2/1802 902/3/1803
f 2001/2/1802 2002/4/1804 902/3/1803
f 902/3/1803 2002/4/1804 903/5/1805
f 2002/4/1804 2003/6/1806 903/5/1805
f 903/5/1805 2003/6/1806 904/7/1807
f 2003/6/1806 2004/8/1808 904/7/1807
f 904/7/1807 2004/8/1808 905/9/1809
f 2004/8/1808 2005/10/1810 905/9/1809
f 905/9/1809 2005/10/1810 906/11/1811
f 2005/10/1810 2006/12/1812 906/11/1811
f 906/11/1811 2006/12/1812 907/13/1813
f 2006/12/1812 2007/14/1814 907/13/1813
f 907/13/1813 2007/14/1814 908/15/1815
f 2007/14/1814 2008/16/1816 908/15/1815
f 908/15/1815 2008/16/1816 909/17/1817
f 2008/16/1816 2009/18/1818 909/17/1817
f 909/17/1817 2009/18/1818 910/19/1819
f 2009/18/1818 2010/20/1820 910/19/1819
f 910/19/1819 2010/20/1820 911/21/1821
f 2010/20/1820 2011/22/1822 911/21/1821
f 911/1/1821 2011/2/1822 912/3/1823
f 2011/2/1822 2012/4/1824 912/3/1823
f 912/3/1823 2012/4/1824 913/5/1825
f 2012/4/1824 2013/6/1826 913/5/1825
f 913/5/1825 2013/6/1826 914/7/1827
f 2013/6/1826 2014/8/1828 914/7/1827
f 914/7/1827 2014/8/1828 915/9/1829
f 2014/8/1828 2015/10/1830 915/9/1829
f 915/9/1829 2015/10/1830 916/11/1831
f 2015/10/1830 2016/12/1832 916/11/1831
f 916/11/1831 2016/12/1832 917/13/1833
f 2016/12/1832 2017/14/1834 917/13/1833
f 917/13/1833 2017/14/1834 918/15/1835
f 2017/14/1834 2018/16/1836 918/15/1835
f 918/15/1835 2018/16/1836 919/17/1837
f 2018/16/1836 2019/18/1838 919/17/1837
f 919/17/1837 2019/18/1838 920/19/1839
f 2019/18/1838 2020/20/1840 920/19/1839
f 920/19/1839 2020/20/1840 921/21/1841
f 2020/20/1840 2021/22/1842 921/21/1841
f 921/1/1841 2021/2/1842 922/3/1843
f 2021/2/1842 2022/4/1844 922/3/1843
f 922/3/1843 2022/4/1844 923/5/1845
f 2022/4/1844 2023/6/1846 923/5/1845
f 923/5/1845 2023/6/1846 924/7/1847
f 2023/6/1846 2024/8/1848 924/7/1847
f 924/7/1847 2024/8/1848 925/9/1849
f 2024/8/1848 2025/10/1850 925/9/1849
f 925/9/1849 2025/10/1850 926/11/1851
f 2025/10/1850 2026/12/1852 926/11/1851
f 926/11/1851 2026/12/1852 927/13/1853
f 2026/12/1852 2027/14/1854 927/13/1853
f 927/13/1853 2027/14/1854 928/15/1855
f 2027/14/1854 2028/16/1856 928/15/1855
f 928/15/1855 2028/16/1856 929/17/1857
f 2028/16/1856 2029/18/1858 929/17/1857
f 929/17/1857 2029/18/1858 930/19/1859
f 2029/18/1858 2030/20/1860 930/19/1859
f 930/19/1859 2030/20/1860 931/21/1861
f 2030/20/1860 2031/22/1862 931/21/1861
f 931/1/1861 2031/2/1862 932/3/1863
f 2031/2/1862 2032/4/1864 932/3/1863
f 932/3/1863 2032/4/1864 933/5/1865
f 2032/4/1864 2033/6/1866 933/5/1865
f 933/5/1865 2033/6/1866 934/7/1867
f 2033/6/1866 2034/8/1868 934/7/1867
f 934/7/1867 2034/8/1868 935/9/1869
f 2034/8/1868 2035/10/1870 935/9/1869
f 935/9/1869 2035/10/1870 936/11/1871
f 2035/10/1870 2036/12/1872 936/11/1871
f 936/11/1871 2036/12/1872 937/13/1873
f 2036/12/1872 2037/14/1874 937/13/1873
f 937/13/1873 2037/14/1874 938/15/1875
f 2037/14/1874 2038/16/1876 938/15/1875
f 938/15/1875 2038/16/1876 939/17/1877
f 2038/16/1876 2039/18/1878 939/17/1877
f 939/17/1877 2039/18/1878 940/19/1879
f 2039/18/1878 2040/20/1880 940/19/1879
f 940/19/1879 2040/20/1880 941/21/1881
f 2040/20/1880 2041/22/1882 941/21/1881
f 941/1/1881 2041/2/1882 942/3/1883
f 2041/2/1882 2042/4/1884 942/3/1883
f 942/3/1883 2042/4/1884 943/5/1885
f 2042/4/1884 2043/6/1886 943/5/1885
f 943/5/1885 2043/6/1886 944/7/1887
f 2043/6/1886 2044/8/1888 944/7/1887
f 944/7/1887 2044/8/1888 945/9/1889
f 2044/8/1888 2045/10/1890 945/9/1889
f 945/9/1889 2045/10/1890 946/11/1891
f 2045/10/1890 2046/12/1892 946/11/1891
f 946/11/1891 2046/12/1892 947/13/1893
f 2046/12/1892 2047/14/1894 947/13/1893
f 947/13/1893 2047/14/1894 948/15/1895
f 2047/14/1894 2048/16/1896 948/15/1895
f 948/15/1895 2048/16/1896 949/17/1897
f 2048/16/1896 2049/18/1898 949/17/1897
f 949/17/1897 2049/18/1898 950/19/1899
f 2049/18/1898 2050/20/1900 950/19/1899
f 950/19/1899 2050/20/1900 951/21/1901
f 2050/20/1900 2051/22/1902 951/21/1901
f 951/1/1901 2051/2/1902 952/3/1903
f 2051/2/1902 2052/4/1904 952/3/1903
f 952/3/1903 2052/4/1904 953/5/1905
f 2052/4/1904 2053/6/1906 953/5/1905
f 953/5/1905 2053/6/1906 954/7/1907
f 2053/6/1906 2054/8/1908 954/7/1907
f 954/7/1907 2054/8/1908 955/9/1909
f 2054/8/1908 2055/10/1910 955/9/1909
f 955/9/1909 2055/10/1910 956/11/1911
f 2055/10/1910 2056/12/1912 956/11/1911
f 956/11/1911 2056/12/1912 957/13/1913
f 2056/12/1912 2057/14/1914 957/13/1913
f 957/13/1913 2057/14/1914 958/15/1915
f 2057/14/1914 2058/16/1916 958/15/1915
f 958/15/1915 2058/16/1916 959/17/1917
f 2058/16/1916 2059/18/1918 959/17/1917
f 959/17/1917 2059/18/1918 960/19/1919
f 2059/18/1918 2060/20/1920 960/19/1919
f 960/19/1919 2060/20/1920 961/21/1921
f 2060/20/1920 2061/22/1922 961/21/1921
f 961/1/1921 2061/2/1922 962/3/1923
f 2061/2/1922 2062/4/1924 962/3/1923
f 962/3/1923 2062/4/1924 963/5/1925
f 2062/4/1924 2063/6/1926 963/5/1925
f 963/5/1925 2063/6/1926 964/7/1927
f 2063/6/1926 2064/8/1928 964/7/1927
f 964/7/1927 2064/8/1928 965/9/1929
f 2064/8/1928 2065/10/1930 965/9/1929
f 965/9/1929 2065/10/1930 966/11/1931
f 2065/10/1930 2066/12/1932 966/11/1931
f 966/11/1931 2066/12/1932 967/13/1933
f 2066/12/1932 2067/14/1934 967/13/1933
f 967/13/1933 2067/14/1934 968/15/1935
f 2067/14/1934 2068/16/1936 968/15/1935
f 968/15/1935 2068/16/1936 969/17/1937
f 2068/16/1936 2069/18/1938 969/17/1937
f 969/17/1937 2069/18/1938 970/19/1939
f 2069/18/1938 2070/20/1940 970/19/1939
f 970/19/1939 2070/20/1940 971/21/1941
f 2070/20/1940 2071/22/1942 971/21/1941
f 971/1/1941 2071/2/1942 972/3/1943
f 2071/2/1942 2072/4/1944 972/3/1943
f 972/3/1943 2072/4/1944 973/5/1945
f 2072/4/1944 2073/6/1946 973/5/1945
f 973/5/1945 2073/6/1946 974/7/1947
f 2073/6/1946 2074/8/1948 974/7/1947
f 974/7/1947 2074/8/1948 975/9/1949
f 2074/8/1948 2075/10/1950 975/9/1949
f 975/9/1949 2075/10/1950 976/11/1951
f 2075/10/1950 2076/12/1952 976/11/1951
f 976/11/1951 2076/12/1952 977/13/1953
f 2076/12/1952 2077/14/1954 977/13/1953
f 977/13/1953 2077/14/1954 978/15/1955
f 2077/14/1954 2078/16/1956 978/15/1955
f 978/15/1955 2078/16/1956 979/17/1957
f 2078/16/1956 2079/18/1958 979/17/1957
f 979/17/1957 2079/18/1958 980/19/1959
f 2079/18/1958 2080/20/1960 980/19/1959
f 980/19/1959 2080/20/1960 981/21/1961
f 2080/20/1960 2081/22/1962 981/21/1961
f 981/1/1961 2081/2/1962 982/3/1963
f 2081/2/1962 2082/4/1964 982/3/1963
f 982/3/1963 2082/4/1964 983/5/1965
f 2082/4/1964 2083/6/1966 983/5/1965
f 983/5/1965 2083/6/1966 984/7/1967
f 2083/6/1966 2084/8/1968 984/7/1967
f 984/7/1967 2084/8/1968 985/9/1969
f 2084/8/1968 2085/10/1970 985/9/1969
f 985/9/1969 2085/10/1970 986/11/1971
f 2085/10/1970 2086/12/1972 986/11/1971
f 986/11/1971 2086/12/1972 987/13/1973
f 2086/12/1972 2087/14/1974 987/13/1973
f 987/13/1973 2087/14/1974 988/15/1975
f 2087/14/1974 2088/16/1976 988/15/1975
f 988/15/1975 2088/16/1976 989/17/1977
f 2088/16/1976 2089/18/1978 989/17/1977
f 989/17/1977 2089/18/1978 990/19/1979
f 2089/18/1978 2090/20/1980 990/19/1979
f 990/19/1979 2090/20/1980 991/21/1981
f 2090/20/1980 2091/22/1982 991/21/1981
f 991/1/1981 2091/2/1982 992/3/1983
f 2091/2/1982 2092/4/1984 992/3/1983
f 992/3/1983 2092/4/1984 993/5/1985
f 2092/4/1984 2093/6/1986 993/5/1985
f 993/5/1985 2093/6/1986 994/7/1987
f 2093/6/1986 2094/8/1988 994/7/1987
f 994/7/1987 2094/8/1988 995/9/1989
f 2094/8/1988 2095/10/1990 995/9/1989
f 995/9/1989 2095/10/1990 996/11/1991
f 2095/10/1990 2096/12/1992 996/11/1991
f 996/11/1991 2096/12/1992 997/13/1993
f 2096/12/1992 2097/14/1994 997/13/1993
f 997/13/1993 2097/14/1994 998/15/1995
f 2097/14/1994 2098/16/1996 998/15/1995
f 998/15/1995 2098/16/1996 999/17/1997
f 2098/16/1996 2099/18/1998 999/17/1997
f 999/17/1997 2099/18/1998 1000/19/1999
f 2099/18/1998 2100/20/2000 1000/19/1999
f 1000/19/1999 2100/20/2000 1001/21/2001
f 2100/20/2000 2101/22/2002 1001/21/2001
f 1001/1/2001 2101/2/2002 1002/3/2003
f 2101/2/2002 2102/4/2004 1002/3/2003
f 1002/3/2003 2102/4/2004 1003/5/2005
f 2102/4/2004 2103/6/2006 1003/5/2005
f 1003/5/2005 2103/6/2006 1004/7/2007
f 2103/6/2006 2104/8/2008 1004/7/2007
f 1004/7/2007 2104/8/2008 1005/9/2009
f 2104/8/2008 2105/10/2010 1005/9/2009
f 1005/9/2009 2105/10/2010 1006/11/2011
f 2105/10/2010 2106/12/2012 1006/11/2011
f 1006/11/2011 2106/12/2012 1007/13/2013
f 2106/12/2012 2107/14/2014 1007/13/2013
f 1007/13/2013 2107/14/2014 1008/15/2015
f 2107/14/2014 2108/16/2016 1008/15/2015
f 1008/15/2015 2108/16/2016 1009/17/2017
f 2108/16/2016 2109/18/2018 1009/17/2017
f 1009/17/2017 2109/18/2018 1010/19/2019
f 2109/18/2018 2110/20/2020 1010/19/2019
f 1010/19/2019 2110/20/2020 1011/21/2021
f 2110/20/2020 2111/22/2022 1011/21/2021
f 1011/1/2021 2111/2/2022 1012/3/2023
f 2111/2/2022 2112/4/2024 1012/3/2023
f 1012/3/2023 2112/4/2024 1013/5/2025
f 2112/4/2024 2113/6/2026 1013/5/2025
f 1013/5/2025 2113/6/2026 1014/7/2027
f 2113/6/2026 2114/8/2028 1014/7/2027
f 1014/7/2027 2114/8/2028 1015/9/2029
f 2114/8/2028 2115/10/2030 1015/9/2029
f 1015/9/2029 2115/10/2030 1016/11/2031
f 2115/10/2030 2116/12/2032 1016/11/2031
f 1016/11/2031 2116/12/2032 1017/13/2033
f 2116/12/2032 2117/14/2034 1017/13/2033
f 1017/13/2033 2117/14/2034 1018/15/2035
f 2117/14/2034 2118/16/2036 1018/15/2035
f 1018/15/2035 2118/16/2036 1019/17/2037
f 2118/16/2036 2119/18/2038 1019/17/2037
f 1019/17/2037 2119/18/2038 1020/19/2039
f 2119/18/2038 2120/20/2040 1020/19/2039
f 1020/19/2039 2120/20/2040 1021/21/2041
f 2120/20/2040 2121/22/2042 1021/21/2041
f 1021/1/2041 2121/2/2042 1022/3/2043
f 2121/2/2042 2122/4/2044 1022/3/2043
f 1022/3/2043 2122/4/2044 1023/5/2045
f 2122/4/2044 2123/6/2046 1023/5/2045
f 1023/5/2045 2123/6/2046 1024/7/2047
f 2123/6/2046 2124/8/2048 1024/7/2047
f 1024/7/2047 2124/8/2048 1025/9/2049
f 2124/8/2048 2125/10/2050 1025/9/2049
f 1025/9/2049 2125/10/2050 1026/11/2051
f 2125/10/2050 2126/12/2052 1026/11/2051
f 1026/11/2051 2126/12/2052 1027/13/2053
f 2126/12/2052 2127/14/2054 1027/13/2053
f 1027/13/2053 2127/14/2054 1028/15/2055
f 2127/14/2054 2128/16/2056 1028/15/2055
f 1028/15/2055 2128/16/2056 1029/17/2057
f 2128/16/2056 2129/18/2058 1029/17/2057
f 1029/17/2057 2129/18/2058 1030/19/2059
f 2129/18/2058 2130/20/2060 1030/19/2059
f 1030/19/2059 2130/20/2060 1031/21/2061
f 2130/20/2060 2131/22/2062 1031/21/2061
f 1031/1/2061 2131/2/2062 1032/3/2063
f 2131/2/2062 2132/4/2064 1032/3/2063
f 1032/3/2063 2132/4/2064 1033/5/2065
f 2132/4/2064 2133/6/2066 1033/5/2065
f 1033/5/2065 2133/6/2066 1034/7/2067
f 2133/6/2066 2134/8/2068 1034/7/2067
f 1034/7/2067 2134/8/2068 1035/9/2069
f 2134/8/2068 2135/10/2070 1035/9/2069
f 1035/9/2069 2135/10/2070 1036/11/2071
f 2135/10/2070 2136/12/2072 1036/11/2071
f 1036/11/2071 2136/12/2072 1037/13/2073
f 2136/12/2072 2137/14/2074 1037/13/2073
f 1037/13/2073 2137/14/2074 1038/15/2075
f 2137/14/2074 2138/16/2076 1038/15/2075
f 1038/15/2075 2138/16/2076 1039/17/2077
f 2138/16/2076 2139/18/2078 1039/17/2077
f 1039/17/2077 2139/18/2078 1040/19/2079
f 2139/18/2078 2140/20/2080 1040/19/2079
f 1040/19/2079 2140/20/2080 1041/21/2081
f 2140/20/2080 2141/22/2082 1041/21/2081
f 1041/1/2081 2141/2/2082 1042/3/2083
f 2141/2/2082 2142/4/2084 1042/3/2083
f 1042/3/2083 2142/4/2084 1043/5/2085
f 2142/4/2084 2143/6/2086 1043/5/2085
f 1043/5/2085 2143/6/2086 1044/7/2087
f 2143/6/2086 2144/8/2088 1044/7/2087
f 1044/7/2087 2144/8/2088 1045/9/2089
f 2144/8/2088 2145/10/2090 1045/9/2089
f 1045/9/2089 2145/10/2090 1046/11/2091
f 2145/10/2090 2146/12/2092 1046/11/2091
f 1046/11/2091 2146/12/2092 1047/13/2093
f 2146/12/2092 2147/14/2094 1047/13/2093
f 1047/13/2093 2147/14/2094 1048/15/2095
f 2147/14/2094 2148/16/2096 1048/15/2095
f 1048/15/2095 2148/16/2096 1049/17/2097
f 2148/16/2096 2149/18/2098 1049/17/2097
f 1049/17/2097 2149/18/2098 1050/19/2099
f 2149/18/2098 2150/20/2100 1050/19/2099
f 1050/19/2099 2150/20/2100 1051/21/2101
f 2150/20/2100 2151/22/2102 1051/21/2101
f 1051/1/2101 2151/2/2102 1052/3/2103
f 2151/2/2102 2152/4/2104 1052/3/2103
f 1052/3/2103 2152/4/2104 1053/5/2105
f 2152/4/2104 2153/6/2106 1053/5/2105
f 1053/5/2105 2153/6/2106 1054/7/2107
f 2153/6/2106 2154/8/2108 1054/7/2107
f 1054/7/2107 2154/8/2108 1055/9/2109
f 2154/8/2108 2155/10/2110 1055/9/2109
f 1055/9/2109 2155/10/2110 1056/11/2111
f 2155/10/2110 2156/12/2112 1056/11/2111
f 1056/11/2111 2156/12/2112 1057/13/2113
f 2156/12/2112 2157/14/2114 1057/13/2113
f 1057/13/2113 2157/14/2114 1058/15/2115
f 2157/14/2114 2158/16/2116 1058/15/2115
f 1058/15/2115 2158/16/2116 1059/17/2117
f 2158/16/2116 2159/18/2118 1059/17/2117
f 1059/17/2117 2159/18/2118 1060/19/2119
f 2159/18/2118 2160/20/2120 1060/19/2119
f 1060/19/2119 2160/20/2120 1061/21/2121
f 2160/20/2120 2161/22/2122 1061/21/2121
f 1061/1/2121 2161/2/2122 1062/3/2123
f 2161/2/2122 2162/4/2124 1062/3/2123
f 1062/3/2123 2162/4/2124 1063/5/2125
f 2162/4/2124 2163/6/2126 1063/5/2125
f 1063/5/2125 2163/6/2126 1064/7/2127
f 2163/6/2126 2164/8/2128 1064/7/2127
f 1064/7/2127 2164/8/2128 1065/9/2129
f 2164/8/2128 2165/10/2130 1065/9/2129
f 1065/9/2129 2165/10/2130 1066/11/2131
f 2165/10/2130 2166/12/2132 1066/11/2131
f 1066/11/2131 2166/12/2132 1067/13/2133
f 2166/12/2132 2167/14/2134 1067/13/2133
f 1067/13/2133 2167/14/2134 1068/15/2135
f 2167/14/2134 2168/16/2136 1068/15/2135
f 1068/15/2135 2168/16/2136 1069/17/2137
f 2168/16/2136 2169/18/2138 1069/17/2137
f 1069/17/2137 2169/18/2138 1070/19/2139
f 2169/18/2138 2170/20/2140 1070/19/2139
f 1070/19/2139 2170/20/2140 1071/21/2141
f 2170/20/2140 2171/22/2142 1071/21/2141
f 1071/1/2141 2171/2/2142 1072/3/2143
f 2171/2/2142 2172/4/2144 1072/3/2143
f 1072/3/2143 2172/4/2144 1073/5/2145
f 2172/4/2144 2173/6/2146 1073/5/2145
f 1073/5/2145 2173/6/2146 1074/7/2147
f 2173/6/2146 2174/8/2148 1074/7/2147
f 1074/7/2147 2174/8/2148 1075/9/2149
f 2174/8/2148 2175/10/2150 1075/9/2149
f 1075/9/2149 2175/10/2150 1076/11/2151
f 2175/10/2150 2176/12/2152 1076/11/2151
f 1076/11/2151 2176/12/2152 1077/13/2153
f 2176/12/2152 2177/14/2154 1077/13/2153
f 1077/13/2153 2177/14/2154 1078/15/2155
f 2177/14/2154 2178/16/2156 1078/15/2155
f 1078/15/2155 2178/16/2156 1079/17/2157
f 2178/16/2156 2179/18/2158 1079/17/2157
f 1079/17/2157 2179/18/2158 1080/19/2159
f 2179/18/2158 2180/20/2160 1080/19/2159
f 1080/19/2159 2180/20/2160 1081/21/2161
f 2180/20/2160 2181/22/2162 1081/21/2161
f 1081/1/2161 2181/2/2162 1082/3/2163
f 2181/2/2162 2182/4/2164 1082/3/2163
f 1082/3/2163 2182/4/2164 1083/5/2165
f 2182/4/2164 2183/6/2166 1083/5/2165
f 1083/5/2165 2183/6/2166 1084/7/2167
f 2183/6/2166 2184/8/2168 1084/7/2167
f 1084/7/2167 2184/8/2168 1085/9/2169
f 2184/8/2168 2185/10/2170 1085/9/2169
f 1085/9/2169 2185/10/2170 1086/11/2171
f 2185/10/2170 2186/12/2172 1086/11/2171
f 1086/11/2171 2186/12/2172 1087/13/2173
f 2186/12/2172 2187/14/2174 1087/13/2173
f 1087/13/2173 2187/14/2174 1088/15/2175
f 2187/14/2174 2188/16/2176 1088/15/2175
f 1088/15/2175 2188/16/2176 1089/17/2177
f 2188/16/2176 2189/18/2178 1089/17/2177
f 1089/17/2177 2189/18/2178 1090/19/2179
f 2189/18/2178 2190/20/2180 1090/19/2179
f 1090/19/2179 2190/20/2180 1091/21/2181
f 2190/20/2180 2191/22/2182 1091/21/2181
f 1091/1/2181 2191/2/2182 1092/3/2183
f 2191/2/2182 2192/4/2184 1092/3/2183
f 1092/3/2183 2192/4/2184 1093/5/2185
f 2192/4/2184 2193/6/2186 1093/5/2185
f 1093/5/2185 2193/6/2186 1094/7/2187
f 2193/6/2186 2194/8/2188 1094/7/2187
f 1094/7/2187 2194/8/2188 1095/9/2189
f 2194/8/2188 2195/10/2190 1095/9/2189
f 1095/9/2189 2195/10/2190 1096/11/2191
f 2195/10/2190 2196/12/2192 1096/11/2191
f 1096/11/2191 2196/12/2192 1097/13/2193
f 2196/12/2192 2197/14/2194 1097/13/2193
f 1097/13/2193 2197/14/2194 1098/15/2195
f 2197/14/2194 2198/16/2196 1098/15/2195
f 1098/15/2195 2198/16/2196 1099/17/2197
f 2198/16/2196 2199/18/2198 1099/17/2197
f 1099/17/2197 2199/18/2198 1100/19/2199
f 2199/18/2198 2200/20/2200 1100/19/2199
f 1100/19/2199 2200/20/2200 1/21/1
f 2200/20/2200 1101/22/2 1/21/1
